index,Тема,Описание,Тип оборудования,Точка отказа,Серийный номер
0,Не работает блок питания,"В течении недели перестал внезапно работать блок питания на ноутбуке  Сила НК2-1404 v2 SN:  C223100360
",Ноутбук,Блок питания,C223100360
1,Не включается SILA LLC HK2-3404.,"Добрый день!_x000D_
Подскажите пожалуйста что может, имею ПК SILA LLC HK2-3404 №C223094534._x000D_
Села батарейка при работе в автономном режиме, поставил на зарядку нажал на запуск запустился а потом выключился и больше не включается._x000D_
И не понятно идёт заряд или нет, что можно сделать?_x000D_
",Ноутбук,Материнская плата,C223094534
2,Сервер СР2-5422 // Системные ошибки // D251110041,"Добрый вечер! На сервере появились системные ошибки. Скрин и логи прилагаю._x000D_
Предварительно на 03.09.24 (совместно с работами по замене серверов) инженерам необходимо по возможности устранить проблему или согласовать новую платформу.",Сервер,Материнская плата,D251110041
3,Повреждение матрицы,"Прошу произвести диагностику и сориентировать по условиям ремонта данного ноутбука. 
",Ноутбук,Матрица,C223014328
4,sila HK2-1404 c223014125 asset 7101087,"Добрый день!
Прошу взять ноутбук sila HK2-1404 c223014125 asset 7101087 в гарантийный ремонт
Не включается, нет индикации заряда.
",Ноутбук,Материнская плата,C223014125
5,Не работает блок питания,"Не работает блок питания на ноутбуке sn C223010123
",Ноутбук,Блок питания,C223010123
6,НК2-3404 // Мерцание экрана // C223091001,"У нас же третий из 50 ноутбуков СИЛА проявляет слабость с экраном, вероятно, дело в шлейфе. _x000D_
Грустно то, что все 3 этих ноутбука не использовались «в полях» а стояли в офисе, их почти не открывали – закрывали. _x000D_
Известная проблема? _x000D_
_x000D_
Мерцает экран, пока есть 2 серийника, 1 ноутбук в пути:_x000D_
C223091001_x000D_
C223091126_x000D_
_x000D_
Возможен ли ремонт не в Москве\Области? У нас есть офис в Самаре и в Санкт-Петербурге.",Ноутбук,Матрица,C223091001
7,Ноутбук НК2-1404 // Вентилятор трется о сетку // C223012430,"Добрый день._x000D_
Спустя 30 минут работы вентилятор трется о сетку_x000D_
Прошу помочь в решении данной проблемы_x000D_
Спасибо",Ноутбук,Вентилятор,C223012430
8,Неисправность сервера СИЛА // 46920,"Модель: сервер CP2 – 5422_x000D_
S/N : D252030021 _x000D_
 Расположение: КВ7 _x000D_
 Описание: Неисправность системы охлаждения сервера _x000D_
 bios 8.3 BMC 1262_2 _x000D_
 Дополнительная информация во вложении. _x000D_
 ",Сервер,Сервер,D252030021
9,Звук и микрофон не активны на ноутбуке Сила ruc223012961.,перестали работать Звук и микрофон не активны на ноутбуке Сила ruc223012961.,Ноутбук,Материнская плата,c223012961
10,Ноутбук Сила НК2-1404 v2  SN: C223100312 не работает сетевой адаптер.,"Ноутбук Сила НК2-1404 v2  SN:  C223100312 не работает сетевой адаптер.
",Ноутбук,Wi-fi модуль,C223100312
11,Неисправность Ноутбук СИЛА НК2-3404 - NTB48595 (S/N: C223090725),"Добрый день! 
 Ноутбук СИЛА НК2-3404 - NTB48595 (S/N: C223090725)
 Описание неисправности – вышла из строя матрица. В нижней части экрана полосы и мерцание. 
 Во вложении фото неисправности. На ноутбуке нет следов физического воздействия, скорее всего неисправность аппаратная. 
 ",Ноутбук,Матрица,C223090725
12,"Зависает система, даже без нагрузки.","Корп. система, и ""голая"" с сайта MS, через некоторое время после старта зависает. Не реагирует ни на накие кнопки
",Ноутбук,Материнская плата,C223102255
13,dd503.region..ru - Disk 3.2,"Добрый день.
Прошу открыть заявку на замену диска.
dd503.region..ru - Disk 3.2
@dd503-p1(active:1)# system show serial
Serial number: CKM01212505744
@dd503-p1(active:1)# system show model
Model number: DD9900 E
@dd503-p1(active:1)# alerts show current
Id      Post Time                  Severity   Class             Object               Message
-----   ------------------------   --------   ---------------   ------------------   ------------------------------------------------------------------------
m0-34   Mon May 13 13:16:53 2024   WARNING    Storage           Enclosure=3:Disk=2   EVT-STORAGE-00011: Disk has not been added to the system.
m0-35   Mon May 13 13:20:22 2024   CRITICAL   HardwareFailure   Enclosure=3:Disk=2   EVT-STORAGE-00002: Unable to access a disk and the disk state is failed.
-----   ------------------------   --------   ---------------   ------------------   ------------------------------------------------------------------------
There are 2 active alerts.
@dd503-p1(active:1)# disk show state
Enclosure        Disk
  Row(disk-id)    1  2  3  4  5  6  7  8  9  10 11 12 13 14 15 16 17 18 19 20 21 22 23 24 25
--------------   ----------------------------------------------------------------------------
1                 s  .  .  .
2                |--------|--------|--------|--------|
                 | Pack 1 | Pack 2 | Pack 3 | Pack 4 |
     E(49-60)    |.  .  . |.  .  s |.  .  s |.  s  . |
     D(37-48)    |.  .  . |.  .  . |.  .  . |.  .  . |
     C(25-36)    |.  .  . |.  .  . |.  .  . |.  .  . |
     B(13-24)    |.  .  . |.  .  . |.  .  . |.  .  . |
     A( 1-12)    |.  s  . |.  .  . |.  .  . |.  .  . |
                 |--------|--------|--------|--------|
3                |--------|--------|--------|--------|
                 | Pack 1 | Pack 2 | Pack 3 | Pack 4 |
     E(49-60)    |.  s  . |.  .  . |.  .  . |s  .  . |
     D(37-48)    |.  .  . |.  .  . |.  .  . |.  .  . |
     C(25-36)    |.  .  . |.  .  . |.  R  . |.  .  . |
     B(13-24)    |.  .  . |.  s  . |.  .  . |.  .  . |
     A( 1-12)    |.  F  . |.  .  . |.  .  . |.  .  . |
                 |--------|--------|--------|--------|
4                |--------|--------|--------|--------|
                 | Pack 1 | Pack 2 | Pack 3 | Pack 4 |
     E(49-60)    |.  .  . |.  .  s |.  .  s |.  .  . |
     D(37-48)    |.  .  . |.  .  s |.  .  . |.  .  . |
     C(25-36)    |.  .  . |.  .  . |.  .  . |.  .  . |
     B(13-24)    |.  .  . |.  .  . |.  .  . |.  .  s |
     A( 1-12)    |.  .  . |.  .  . |.  .  . |.  .  . |
                 |--------|--------|--------|--------|
5                |--------|--------|--------|--------|
                 | Pack 1 | Pack 2 | Pack 3 | Pack 4 |
     E(49-60)    |.  .  s |-  -  - |-  -  - |-  -  - |
     D(37-48)    |.  .  . |-  -  - |-  -  - |-  -  - |
     C(25-36)    |.  .  . |-  -  - |-  -  - |-  -  - |
     B(13-24)    |.  .  . |-  -  - |-  -  - |-  -  - |
     A( 1-12)    |.  .  . |-  -  - |-  -  - |-  -  - |
                 |--------|--------|--------|--------|
6                 .  .  .  .  .  .  .  .  .  .  -  -  -  -  -  -  -  -  -  -  -  -  -  -  -
--------------   ----------------------------------------------------------------------------
Legend   State                          Count
------   ----------------------------   -----
.        In Use Disks                   194
s        Spare Disks                    13
R        Spare (reconstructing) Disks   1
F        Failed Disks                   1
-        Not Installed Disks            60
------   ----------------------------   -----
Total 209 disks
Disk    Disks            Progress   Remaining
Group   Reconstructing   (%)        (minutes)
-----   --------------   --------   ---------
dg2     3.32             23         895
-----   --------------   --------   ---------
@dd503-p1(active:1)# disk show hardware
Disk         Slot   Manufacturer/Model         Firmware   Serial No.       Capacity   Type
(enc/disk)
----------   ----   ------------------------   --------   --------------   --------   -------
1.1          0      SAMSUNG MZILT1T9HBJR0D3    DSA3       S5YRNA0R232108   1.7 TiB    SAS-SSD
1.2          1      SAMSUNG MZILT1T9HBJR0D3    DSA3       S5YRNA0R230064   1.7 TiB    SAS-SSD
1.3          2      SAMSUNG MZILT1T9HBJR0D3    DSA3       S5YRNA0R230723   1.7 TiB    SAS-SSD
1.4          3      SAMSUNG MZILT1T9HBJR0D3    DSA3       S5YRNA0R230746   1.7 TiB    SAS-SSD
2.1          A0     SEAGATE STCRSEI1CLAR8000   CA01       WSD1V13Q         7.2 TiB    SASe
2.2          A1     SEAGATE STCRSEI1CLAR8000   CA01       WSD4B163         7.2 TiB    SASe
2.3          A2     SEAGATE STCRSEI1CLAR8000   CA01       WSD1T49B         7.2 TiB    SASe
2.4          A3     SEAGATE STCRSEI1CLAR8000   CA01       WSD1T1Y1         7.2 TiB    SASe
2.5          A4     SEAGATE STCRSEI1CLAR8000   CA01       WSD1T287         7.2 TiB    SASe
2.6          A5     SEAGATE STCRSEI1CLAR8000   CA01       WSD1SR91         7.2 TiB    SASe
2.7          A6     SEAGATE STCRSEI1CLAR8000   CA01       WSD1V0K3         7.2 TiB    SASe
2.8          A7     SEAGATE STCRSEI1CLAR8000   CA01       WSD1V0EC         7.2 TiB    SASe
2.9          A8     SEAGATE STCRSEI1CLAR8000   CA01       WSD1SQS0         7.2 TiB    SASe
2.10         A9     SEAGATE STCRSEI1CLAR8000   CA01       WSD1SSSZ         7.2 TiB    SASe
2.11         A10    SEAGATE STCRSEI1CLAR8000   CA01       WSD1T1KH         7.2 TiB    SASe
2.12         A11    SEAGATE STCRSEI1CLAR8000   CA01       WSD1T1Q2         7.2 TiB    SASe
2.13         B0     SEAGATE STCRSEI1CLAR8000   CA01       WSD1SRCF         7.2 TiB    SASe
2.14         B1     SEAGATE STCRSEI1CLAR8000   CA01       WSD172F8         7.2 TiB    SASe
2.15         B2     SEAGATE STCRSEI1CLAR8000   CA01       WSD1V0VE         7.2 TiB    SASe
2.16         B3     SEAGATE STCRSEI1CLAR8000   CA01  
__________________________________
Полный текст обращения смотри в ""Оригинал письма.eml""",СХД,Диск,CKM01212505744
14,Ноутбук СИЛА HK1-1427/ i5-1135G7/16G/m.2 512Gb/С111120102/инв. № 525600,"При подключение USB наушников, замедляется работа ПК и начинается самопроизвольно меняться раскладка языка на клавиатуре. Обновление драйверов ПК проблема не устранима, с другими наушниками ситуация такая же.",Ноутбук,Консультация,С111120102
15,Сервер СИЛА СР2-5422  // Вышел из строя сетевой SFP модуль // D252110012,"Добрый день.
На сервере вышел из строя сетевой SFP модуль - нет сигнала
Временно поставили SFP из другого сервера -  сигнал пришел в норму.
Просьба заменить SFP модуль.
Фото сбойного модуля во вложении.",Сервер,SFP модуль,D252110012
16,Ноутбук СИЛА HK1-1425/ i5-1135G7/8G/m.2 512Gb/ С112040045 /инв. 525861_ВЛN,"Ноутбук при загрузке 5-10% отвечает на любые действия с задержкой 2-3 секунды, картинка на экране отключается каждые 2-3 секунды при подключенном мониторе и без него, в логах событий многочисленные сбои видеоядра, отключения сетевого драйвера. Перезагрузки и обновления драйверов с проблемой не помогли. _x000D_
Порт HDMI в ноутбуке уже давно не работает.",Ноутбук,Материнская плата,С112040045
17,СИЛА НК2-1404 \нет загрузочного  диска\C222091500,"Пропал загрузочный диск._x000D_
При включении попадает в BIOS",Ноутбук,Диск ,C222090950
18,Неисправность ноутбука Сила NTB49600 (Платформа) - C223090096,"Добрый день! 
 Ноутбук СИЛА НК2-3404 - NTB49600 (S/N: C223090096)
 Описание неисправности – Вышла из строя матрица. В нижней части экрана образовались полосы разной длины, ширины, появилось мерцание. Во вложении фото неисправности. На ноутбуке нет следов физического воздействия, неисправность аппаратная. 
 ",Ноутбук,Матрица,C223090096
19,Полосы на экране,"Полосы на экране
",Ноутбук,Матрица,C223010035
20,HK2-1404 // Не работает зарядное устройство // C223102298,"Перестало работать зарядное устройство. С другим работает корректно.
",Ноутбук,Блок питания,C223102298
21,НК2-3404 // Мерцание экрана // C223091126,"У нас же третий из 50 ноутбуков СИЛА проявляет слабость с экраном, вероятно, дело в шлейфе. _x000D_
Грустно то, что все 3 этих ноутбука не использовались «в полях» а стояли в офисе, их почти не открывали – закрывали. _x000D_
Известная проблема? _x000D_
_x000D_
Мерцает экран, пока есть 2 серийника, 1 ноутбук в пути:_x000D_
C223091001_x000D_
C223091126_x000D_
_x000D_
Возможен ли ремонт не в Москве\Области? У нас есть офис в Самаре и в Санкт-Петербурге.",Ноутбук,Матрица,C223091126
22,Ноутбук не включается,"Ноутбук не включается. Индикатор зарядки активен.
",Ноутбук,Материнская плата,C223010076
23,Не работает ноутбук,"Добрый день!
Ноутбук C223013256 перестал корректно включаться.
После нажатия на кнопку включения загорается индикатор, но кулер не крутится, изображение не появляется.
Прошу помощи в диагностике неисправности, сброс по питанию проблему не решает.
",Ноутбук,Материнская плата,C223013256
24,Гарантийный ремонт 2-х ноутбуков СИЛА,"Добрый день! _x000D_
 Выявили дефекты изображения на матрице 2-х приобретённых у вас ноутбуках СИЛА НК2-3404. _x000D_
 Серийные номера: _x000D_
 1)    С223090320 _x000D_
 2)    С223091504 _x000D_
 Прошу организовать работы по гарантийному ремонту. _x000D_
 ",Ноутбук,Матрица,С223090320
25,HK2-1404 C223013523,"Добрый день! 
 Прошу взять в гарантийный ремонт ноутбук СИЛА нк2-1404 C223013523 
 Неисправности: 
 Повреждена матрица ноутбука(видео прикладываю) 
 ",Ноутбук,Матрица,C223013523
26,Ноутбук НК2-1404 // Полосы и мерцание на мониторе // C223014561,"Добрый день!
Примите пожалуйста заявку на ремонт. 
Появились полосы и мерцание экрана.
",Ноутбук,Матрица,C223014561
27,BIOS'ы,"Здравствуйте!
Поделитесь, пожалуйста, последними версиями BIOS на НК2-1404 и НК2-3404.
",Ноутбук,Консультация,"C223010345, С223092735"
28,"Свежая версия BMC Cube, шаблон для Zabbix","Добрый день!_x000D_
Есть свежая версия BMC Cube для серверов СИЛА CP2-6327?_x000D_
У нас установлена CUBE_63_PLATFORM_1264_2._x000D_
Поддержка мониторинга физических дисков по SNMP еще не добавлена?_x000D_
Шаблон для Zabbix не появился? У нас есть только ""Template Server Gooxi IPMI"".",Сервер,Консультация,D263120004
29,Требуется замена модуля памяти,Добрый день! Требуется замена модуля памяти. При проведении теста памяти ошибка повторяется. Лог во вложении.,Сервер,Оперативная память,D114030017(FTKY614)
30,Ноутбук СИЛА HK1-1425/i5-1135G7/1*16G/m.2 256G/B3Y/С111080061/инв. №525315,Не работает HDMI,Ноутбук,Материнская плата,С111080061
31,Обновление BIOS,"Добрый день. Просьба прислать ссылку на последнюю версию BIOS для HK2-1404_x000D_
И еще вопрос - планируется ли делать корректный портал с драйверами, чтобы можно было зайти и скачать драйвера в разных редакциях? По каждому случаю не удобно писать заявки на предоставление драйверов.",Ноутбук,Консультация,C223010446
32,Неисправность сервера СИЛА // 46915,"Модель: сервер CP2 – 5422_x000D_
S/N : D252030010_x000D_
 Расположение: КВ7 _x000D_
 Описание: Неисправность системы охлаждения сервера и модуля управления. _x000D_
 Приоритет: 3 _x000D_
 Приоритет: 3 _x000D_
 Дополнительная информация во вложении. _x000D_
 ",Сервер,Сервер,D252030009
33,СИЛА НК2-1404// Замена ЗУ на ноутбуках Сила HK2-1404 (в кол-ве 6 шт.),"Вышли из строя ЗУ от ноутбуков СИЛА НК2-1404, в кол-ве 6шт. Прошу принять заявку на гарантийную замену ЗУ от ноутбуков Сила:
s/n:C223011170
s/n:C223102198 
s/n:C223011889 
s/n:C223101201 
s/n:C223100299 
s/n:C223011531 
",Ноутбук,Блок питания,"C223011170, C223102198, C223011889, C223101201, C223100299, C223011531"
34,Сервер СР2-5422 // После обновления bios и bmc появились ошибки системных кулеров // D251110015,"Добрый день!_x000D_
После обновления bios и bmc появились ошибки связанные с системными кулерами (скриншот и выгрузка логов во вложении)._x000D_
System_Fan_1 sensor crossed a critical low threshold going low. Reading=0.000000 Threshold=100.000000 ._x000D_
System_Fan_2 sensor crossed a critical low threshold going low. Reading=0.000000 Threshold=100.000000 ._x000D_
System_Fan_3 sensor crossed a critical low threshold going low. Reading=0.000000 Threshold=100.000000 ._x000D_
Сброс логов с последующей перезагрузкой bmc не помогли.",Сервер,Материнская плата,D251110015
35,СИЛА НК2-1404//Драйверы звука и видео пропадают при перезагрузке // C222090246,"Будьте добры сообщить адрес сервисного центра в г.Липецке
",Ноутбук,Диск ,C222090246
36,Неприемлемо долгий запуск сервера CP2-5422,"Полный запуск сервера (от нажатия кнопки питания до запуска ОС) выполняется неприемлемо долго - 30 мин._x000D_
При этом время между запуском сервера (нажатием кнопки питания) и появлением текстовой информации о настройке RAID-контроллера составляет примерно 2.5 минуты._x000D_
Такое поведение у серверов D254020003 и D254020002._x000D_
Сервер D254020004 запускается в разы быстрее - за 3.5 минуты._x000D_
Аппаратная конфигурация серверов D254020003 и D254020002 абсолютно одинаковая._x000D_
Сервер D254020004 отличается от предыдущих серверов наличием RAID-6 из 6 SSD (на первых двух серверах нет RAID'а, только по 1 SSD, при этом RAID-контроллер есть у всех серверов)._x000D_
Программная конфигурация у всех трех серверов одинаковая:_x000D_
- Версия BIOS'а: SILA 015 rev 8.3;_x000D_
- Версия BMC: 1264_4;_x000D_
- ОС: AstraLinux SE 1.7.5.16, ядро 6.1.50-generi._x000D_
Журнал POST-кодов и журнал событий за этап загрузки проблемного сервера во вложении",Сервер,Программное обеспечение,D254020003
37,мерцает экран ноутбука,"мерцает экран ноутбука

",Ноутбук,Матрица,C223091623
38,СИЛА НК2-1404// Замена ЗУ на ноутбуках Сила HK2-1404 (в кол-ве 5 шт.)// C223012998 C223101389 C223102298  C223100876 C223100050,"Вышли из строя ЗУ от ноутбуков СИЛА НК2-1404, в кол-ве 6шт. Прошу принять заявку на гарантийную замену ЗУ от ноутбуков Сила:
Серийный номера:
C223012998
C223101389 
C223102298  
C223100876 
C223100050
",Ноутбук,Блок питания,C223012998 C223101389  C223102298   C223100876  C223100050
39,Сила КУБ: запрос на обновление прошивки,"Добрый день._x000D_
У нас на тестировании находится сервер СР2-6327._x000D_
Текущие версии прошивок:_x000D_
BMC Firmware Revision_x000D_
0.31.020012_x000D_
BMC Firmware Build Time_x000D_
Dec 30 2022 15:34:31 CST_x000D_
BIOS Revision_x000D_
902_x000D_
BIOS Name_x000D_
G4DCL_x000D_
BIOS Firmware Build Time_x000D_
12/26/2022 16:13:00_x000D_
CPLD Revision_x000D_
07_x000D_
CPLD Name_x000D_
G4DCL_x000D_
CPLD Build Time_x000D_
11/22/2022_x000D_
Просим предоставить актуальные версии прошивок и инструкции по их обновлению._x000D_
",Сервер,Консультация,D263090003
40,заявка на гарантийный ремонт\замену,"Добрый день.
Серийный номер: С223013250
Неисправность: блок питания не подает заряд
Уточните, пожалуйста, как мы можем заменить неработающий блок питания?
",Ноутбук,Блок питания,C223013250
41,HK2-1404 // Не работает кнопка влючения и jack 3.5 // C223011660,"Не работает кнопка влючения и jack 3.5

Это не гарантийный ремонт, т.к. jack 3.5 отсутствует по вине пользователя.

",Ноутбук,Клавиатура,C223011660
42,"СИЛА НК2-3205 // Перечень проблем с ноутбуками СИЛА // Проблемы при подключении к док-станции, второго монитора //  C233041042","Коллеги, добрый день!_x000D_
Есть ряд ноутбуков которыми пользуются наши сотрудники, у которых возникают общие проблемы, а так же, индивидуальные._x000D_
Привожу несколько ноутбуков с описанием проблем от пользователей: _x000D_
_x000D_
_x000D_
_x000D_
_x000D_
СИЛА HK2 3205 №C233041042_x000D_
1)Если подключена док-станция , то часто , не работает USB-C гарнитура(но видна как устройство) . Помогает только отключить док-станцию и гарнитуру -> подключить гарнитуру -> подключить док-станцию . Док станция HP USB-C G5 5TW10AA_x000D_
2)Не корректно работает со вторым монитором через HDMI . Если при открытой крышке ноутбука , подключить второй монитор , то на дисплее ноутбука начинаем ""моргать"" изображение , а второй монитор не загорается . Помогает только акрытие крышки , ноутбука и затем только подключение второго монитора . Монитор имеет разрешение 3440х1440. Если же подключить  через док-станцию, то проблем не наблюдается .",Ноутбук,Программное обеспечение,C233041042
43,СИЛА HK2-1404 // Не работает зарядное устройство // C223011088,"Не работает зарядное устройство.
",Ноутбук,Блок питания,C223011088
44,Ноутбук СИЛА HK1-1425/i5-1135G7/8G/m.2 256G/B3Y/С111080030/инв. №367120,"Не работает HDMI_x000D_
_x000D_
Ноутбук СИЛА HK1-1425/i5-1135G7/8G/m.2 256G/B3Y/С111080030/инв. №367120",Ноутбук,Материнская плата,С111080030
45,Неисправность Ноутбук СИЛА НК2-3404 - NTB48179 S/N: C223091624,"Добрый день!
Ноутбук СИЛА НК2-3404 - NTB48179 S/N: C223091624
Описание неисправности – вышла из строя система охлаждения центрального процессора. Во время работы вентилятора слышны треск и гул, наблюдается перегрев ЦП. На ноутбуке нет следов физического воздействия, неисправность аппаратная.
",Ноутбук,Корпус,C223091624
46,Сервер СР2-5422 // После обновления bios и bmc перестал работать BMC // D251110011,"Привет! Обновили BIOS и BMC до последней версии (SILA_015_bios_rev8_3/CUBE 1.5)._x000D_
Доступ к серверу по IPMI пропал. В BIOS настраивать BMC (повесить IP и тд) можно, но сервер по bmc не пингуется и не доступен по веб соответственно._x000D_
Пробовали отключать питание на 10 минут. Отключать в BIOS bmc функцию и снова включать. Проблема осталась.",Сервер,Материнская плата,D251110011
47,"СИЛА НК2-1404 // Рябь, мерцание //C223014073","Коллеги, добрый день!
У нас поломка 3-х ноутбуков СИЛА НК2-1404.
Серийные номера: C223013568,C223014073, C223014954


Рябь на ноутбуках/мерцание.",Ноутбук,Матрица,C223014954
48,"Синий экран, предположительно память.","При загрузке системы через 15-30 секунд ПК падает в синий экран с разными ошибками. Пробовали переустановить ОС - на переустановке также синий экран._x000D_
Есть подозрения на модуль ОЗУ. При его замене ПК работает стабильно.",Ноутбук,Оперативная память,С223010395
49,HK2-1404 // Проблема с портом type-c // C223012095,"Добрый день!
Не работает один порт type-c.

",Ноутбук,Материнская плата,C223012095
50,Гарантийный ремонт,"При включении нового ноутбука из коробки, на экране были обнаружены ""помехи""",Ноутбук,Матрица,С223091324
51,С223091153 - мерцает экран,"Мерцает экран
при подключении дисплеев - дисплеи не мерцают
",Ноутбук,Матрица,С223091153
52,полосы на матрице НК2-3404 C223090893,"Полосы на матрице. 
",Ноутбук,Матрица,C223090893
53,СИЛА НК2-3404  // мерцающая матрица // C223090123,"Привет, Коллеги.
Снова мерцающие полосы у Силы.  

Серийник: C223090123",Ноутбук,Материнская плата,C223090123
54,"10552. СИЛА HK-1404 // замена блоков питания // C223010423, C223011174","Добрый день! Не работают блоки питания, прошу заменить
",Ноутбук,Блок питания,"C223010423, C223011174"
55,Ноутбук СИЛА HK-1404 не заряжается с type-c портов,"Laptops: ноутбук не заряжается. Проверено несколько зарядок, работающих на других ноутбуках.
SILA NK2-1404 i7	C223011046
",Ноутбук,Материнская плата,C223011046
56,СИЛА HK2-1404 // Неисправность зарядного устройства ноутбука СИЛА // C223011355,"Добрый день!
В процессе эксплуатации у пользователя перестало работать зарядное устройство, оба порта type-c ноутбука корректно функционируют, визуально нет следов повреждения, c другими зарядными устройствами ноутбук корректно заряжается. Прошу заменить. Спасибо!
",Ноутбук,Блок питания,C223011355
57,Ноутбук СИЛА HK1-1425/i5-1135G7/2*8G/m.2 256G/B3Y/ инв. № 525325/ С111080029,"не рабочий HDMI (повторная поломка HDMI, ранее была  Заявка IBS-8588 )",Ноутбук,Материнская плата,С111080029
58,Неисправность Ноутбук СИЛА НК2-3404 - NTB48447 S/N: C223091505,"Добрый день! 
 Ноутбук СИЛА НК2-3404 - NTB48447 (S/N: C223091505)
 Описание неисправности – вышла из строя матрица. По всей площади экрана полосы и мерцание. Во вложении фото неисправности. На ноутбуке нет следов физического воздействия, скорее всего неисправность аппаратная. 
 ",Ноутбук,Матрица,C223091505
59,Перестал включаться,"Перестал включаться
",Ноутбук,Материнская плата,C223092664
60,HK2-1404 // Не работает зарядное устройство // C223011313,"Не работает зарядное устройство_x000D_
",Ноутбук,Блок питания,C223011313
61,СИЛА НК2-1404 // Отвалился разъем type c // C223012413,Отвалился разъем type c  на зарядном устройстве,Ноутбук,Блок питания,C223012413
62,Заряд аккумулятора,"Отсутствие заряда аккумулятора, использовались несколько исправных БП для проверки, ноутбук оставался подключенным к БП около суток, светодиод заряда постоянно оранжевого цвета, при отключении БП, ноутбук мгновенно выключается.",Ноутбук,Аккумулятор,C223100567
63,"СИЛА CX-1015-12 // HDD fault //  s/n E213120001. Вышел из строя диск, пришедший на замену по гарантии.","Вышел из строя диск, пришедший на замену по гарантии.  Был в резерве проработал 2 месяца. Прошу открыть заявку на ремонт (замену диска).",СХД,Диск,Е213120001
64,Драйвера НК2-3404 на WIn10x64,"Добрый день._x000D_
Просьба выложить актуальные драйвера для НК2-3404 на WIn10x64. На сайте присутствуют только драйвера для Win11. + Сделать разбивку для чего какой драйвер идет._x000D_
Также просьба обратить внимание на драйвера для звука. Есть проблема, что при подключении внешних звуковых устройств. Проявляется в 2х вариантах:_x000D_
1) Звук попросту не идет, хотя в диспетчере подключенное оборудование отображается. Подключение устройств через USB. При отключении стороннего устройства - звук через ноутбук идет корректно._x000D_
2) Про подключении док-станции иконка звука в правом нижнем углу становится перечеркнутой, как будто звуковых устройств нет совсем. Лечится только принудительной перезагрузкой с кнопки (часто еще и не с первого раза помогает, приходится по 3-4 раза перезагружать).",Ноутбук,Консультация,C223091496
65,Полосы и мерцание на мониторе,На ноутбуку СИЛА НК2-3404 появились полосы и мерцание экрана (фото во вложении).,Ноутбук,Матрица,C223090716
66,глитч матрицы,"После установки windows, матрица начала давать сбой, появление черных полос на экране хаотичное выключение 
экрана, 
после обновления драйверов, проблема не ушла, драйвера скачивали на оф сайте Сила.",Ноутбук,Матрица,C223093014
67,Неисправность Ноутбук СИЛА НК2-3404 - NTB48532 S/N: C223090552,"Добрый день! 
 Ноутбук СИЛА НК2-3404 - NTB48532 (S/N: C223090552)
 Описание неисправности – вышла из строя матрица. В верхней части экрана полосы и мерцание. Во вложении фото неисправности. На ноутбуке нет следов физического воздействия, скорее всего неисправность аппаратная. 
 ",Ноутбук,Матрица,C223090552
68,Заявка на гарант,"Здравствуйте!
Ноутбук C223094573 периодически мерцает экран. 
 Еще один ноутбук C223094545 сегодня забирают на ремонт. Могу ли я отдать сразу оба? 
",Ноутбук,Матрица,C223094573
69,Неисправность диска Enclosure=6:Disk=32 dd202,"Коллеги, добрый день._x000D_
Прошу открыть кейс по неисправному диску на оборудовании Data Domain:_x000D_
sysadmin@dd202-p1(active:0)# alerts show current_x000D_
Id       Post Time                  Severity   Class               Object                         Message_x000D_
------   ------------------------   --------   -----------------   ----------------------------   ------------------------------------------------------------------------_x000D_
p0-86    Fri Apr  5 06:22:28 2024   ERROR      SystemMaintenance                                  EVT-SMTOOL-00001: Error communicating with mail server._x000D_
p0-133   Fri Jul  5 20:42:39 2024   CRITICAL   HardwareFailure     Enclosure=1:DIMM=MR6 DIMM D0   EVT-DIMM-00003: A memory card has failed_x000D_
m0-56    Thu Jul 25 22:18:11 2024   CRITICAL   HardwareFailure     Enclosure=6:Disk=32            EVT-STORAGE-00002: Unable to access a disk and the disk state is failed._x000D_
------   ------------------------   --------   -----------------   ----------------------------   ------------------------------------------------------------------------_x000D_
There are 3 active alerts._x000D_
sysadmin@dd202-p1(active:0)#_x000D_
",СХД,Диск,CKM00194301861 // E419120013
70,СИЛА HK2-1404 // Неисправность зарядного устройства ноутбука СИЛА // C223012685 C223012673 C223011958 C223011355 C223012788,"Добрый день!
В процессе эксплуатации у пользователя перестало работать зарядное устройство, оба порта type-c ноутбука корректно функционируют, визуально нет следов повреждения, c другими зарядными устройствами ноутбук корректно заряжается. Прошу заменить. Спасибо!
",Ноутбук,Блок питания,C223012685
71,"Ноутбук СИЛА HK-1404 // замена блоков питания // C223012682, C223011343, C223011380","Добрый день! Не работают блоки питания, прошу заменить
",Ноутбук,Блок питания,"C223012682, C223011343, C223011380"
72,Ноутбук СИЛА HK1-1427/ i5-1135G7/16G/m.2 512Gb/С111120125/инв. № 525823,"1. Перезалил, биос уже последний, обновил драйвера, в корп ОС - микрофон не работает._x000D_
2. Запустил гостевую линукс ОС с флешки - микрофон не работает._x000D_
3. В биос микрофон включен._x000D_
Неисправно само устройство, необходим ремонт.",Ноутбук,Камера,С111120125
73,Проблема с серийным номером СИЛА,"Добрый день! 
 Ранее мы отправляли к вам на ремонт ноутбук по заявке: 
 6452. СИЛА HK2-1404 // Устройство не включается // C223012272 
 Сейчас при настройке мы заметили, что у него серийный номер такой: C2223012272 
 Т.е. имеется лишняя 2-йка в серийном номере. 
 Скрины во вложении. 
 Можете подсказать, можно ли как-то его поменять или сохранится ли за ним гарантия, если так и оставить? 
",Ноутбук,Консультация,C223012272
74,НК2-1404 // залит водой // C223011324,"пользователь залил ноутбук водой. требуется диагностика, обслуживание и ремонт, по необходимости.
",Ноутбук,Материнская плата,C223011324
75,"HK2-3404 // артефакты, двоение изображения // C223090155","Полосы на изображении(так же и в BIOS)

",Ноутбук,Матрица,C223090155
76,СИЛА НК2-1404 v2 // Неисправность ноутбука // С223011148,"Прошу принять в гарантийный ремонт ноутбук ""СИЛА НК2-1404"" s/n: С223011148.
Заявленная неисправность: 
В процессе работы регулярно появляется ""синий экран"", и ноутбук сам уходит в перезагрузку. Переустановка ОС на ноутбуке проблему не устранило.

",Ноутбук,Блок питания,С223011148
77,Проблема с клавиатурой ноутбука,"Добрый день!_x000D_
Перестала работать часть клавиатуры на ноутбуке СИЛА НК2-1404_x000D_
Серийный номер C222090998_x000D_
Как можно передать его вам на диагностику?_x000D_
",Ноутбук,Клавиатура,C222090998
78,Неисправность сервера СИЛА//46925,"Коллеги, добрый день. 
 Просьба принять запрос. 
 Оборудование: Сервер СИЛА 
 Номер: D252030034 
 Описание неисправности: 
 Неисправность модуля управления и системы охлаждения сервера 
 bios 8.3 BMC 1262_2 

 ",Сервер,Материнская плата,D252030034
79,Ошибки диска Enclosure=4:Disk=49 dd501,"Коллеги, добрый день._x000D_
Прошу открыть заявку по неисправному диску на Data Domain_x000D_
sysadmin@dd501-p1(active:1)# alerts show current_x000D_
Id      Post Time                  Severity   Class             Object                Message_x000D_
-----   ------------------------   --------   ---------------   -------------------   ------------------------------------------------------------------------_x000D_
m0-40   Sun Aug 25 21:21:19 2024   CRITICAL   HardwareFailure   Enclosure=4:Disk=49   EVT-STORAGE-00002: Unable to access a disk and the disk state is failed._x000D_
-----   ------------------------   --------   ---------------   -------------------   ------------------------------------------------------------------------_x000D_
There is 1 active alert._x000D_
sysadmin@dd501-p1(active:1)# system show serialno_x000D_
Serial number: CKM00194300974_x000D_
",Сервер,Диск,CKM00194300974
80,Неисправность сервера СИЛА  // 46900,"Коллеги, добрый день. 
 Просьба принять запрос. 
Неисправность сервера СИЛА  // 46900 
 Модель: Сервер Сила 
 S/N D252030050 

 Описание: Все ошибки которые удалось получить приведены ниже , далее модуль управления перестал отвечать и в данный момент не доступен. 
 Service phosphor-ipmi-host.service has exited unsuccessfully. 
 ila-rwfs-watchdog[20328]: /dev/mtdblock5 is full: coredumps and rotated logs were saved: /tmp/coredump-rwfs.tar.xz. 
 Core_(all core)_CPU2 sensor crossed a critical high threshold going high. Reading=75.000000 Threshold=75.000000 . 
 ",Сервер,Сервер,D252030050
81,Неисправность сервера // 46909,"Коллеги, добрый день._x000D_
Просьба принять запрос._x000D_
Модель: сервер CP2 – 5422_x000D_
S/N : D252030013 _x000D_
 Расположение: КВ7 _x000D_
 Описание: Неисправность системы охлаждения сервера. _x000D_
 Приоритет: 3 _x000D_
 Дополнительная информация во вложении. _x000D_
 ",Сервер,Сервер,D252030013
82,Ноутбук СИЛА HK1-1425/i5-1135G7/2*8G/m.2 256Gb/В3Y/C111110002/536337_ВЛN,"Не рабочая кнопка ""G""",Ноутбук,Клавиатура,C111110002
83,Ошибка диска Enclosure=3:Disk=5 на datadomain,"Коллеги, добрый день._x000D_
Прошу открыть кейс по неисправному диску на оборудовании DataDomain_x000D_
sysadmin@dd501-p1(active:1)# alert show current_x000D_
Id      Post Time                  Severity   Class             Object                Message_x000D_
-----   ------------------------   --------   ---------------   -------------------   ------------------------------------------------------------------------_x000D_
m0-37   Tue Jul 16 21:15:42 2024   CRITICAL   HardwareFailure   Enclosure=3:Disk=57   EVT-STORAGE-00002: Unable to access a disk and the disk state is failed._x000D_
-----   ------------------------   --------   ---------------   -------------------   ------------------------------------------------------------------------_x000D_
There is 1 active alert._x000D_
",Сервер,Диск,CKM00194300974
84,Сервер СР2-5422 // После обновления bios и bmc появились ошибки системных кулеров // D251110023,"Добрый день!_x000D_
После обновления bios и BMC на последние версии (SILA_015_bios_rev8_3/CUBE 1.6) появились ошибки в логах и датчиках._x000D_
Прикладываю скрины._x000D_
По питанию вырубать пробовали. Не помогло.",Сервер,Материнская плата,D251110023
85,HK2-1404 // Не работает зарядное устройство // C223010066,"Не работает зарядное устройство._x000D_
",Ноутбук,Блок питания,C223010066
86,"Ноутбук СИЛА HK-1404 // проблемы с включением, с usb-портом // C223012662","Добрый день! 
Проблемное включение и выключение компьютера. Компьютер не всегда включается даже при полной зарядке, но без подключения по проводу. Иногда включается даже с проводом со второго раза. При определенных условиях компьютер не выходит из режима сна, помогает только принудительное выключение, однако ноутбук не всегда реагирует на нажатую кнопку (вместо положенных 4-х секунд на выключение).
Проблема с одним юсб-портом - не подключается любые внешние устройства. Переустановка драйверов, включение/выключение порта через диспетчер устройств, перезагрузка результата не дали.
",Ноутбук,Материнская плата,C223012662
87,Не загружается ноутбук Сила НК2-3204,"Добрый день!_x000D_
После изменения в BIOS настроек режима загрузки с UEFI на Legacy ноутбук перестал загружаться. Т.е. при нажатии на кнопку питания, она подсвечивается, начинают работать индикаторы CapsLock и других клавиш, однако экран остается черный. _x000D_
Как оживить ноутбук?",Ноутбук,Консультация,C233040369
88,Ноутбук СИЛА НК2-1404 // не устанавливается система // C223012840,"Добрый день! Нужна гарантийная замена модуля wifi, антенны в наличае.
",Ноутбук,Wi-fi модуль,C223012840
89,Неисправность сервера СИЛА//60441,"Коллеги, добрый день. _x000D_
 Просьба принять запрос. _x000D_
 Оборудование: Сервер СИЛА _x000D_
 Номер: D252030034 _x000D_
 Описание: _x000D_
 Неисправен сервер СИЛА. _x000D_
 Логи во вложении. _x000D_
 ",Сервер,Материнская плата,D252030034
90,Ноутбук СИЛА HK1-1425/ i5-1135G7/8G/m.2 256Gb/В3Y/C111110043/525455,Не рабочий HDMI,Ноутбук,Материнская плата,C111110043
91,Ноутбук Сила HK2-1404\ Модернизация WiFi антенны //  C223010918,Необходимо произвести модернизацию WiFi антенны на ноутбуках Сила HK2-1404 S/N C223010918 и C223012938,Ноутбук,Wi-fi антенна,C223012938
92,Неисправность ноутбука СИЛА НК2-3404 - NTB48569,"Добрый день! 
 Ноутбук СИЛА НК2-3404 - NTB48569 (S/N: C223090918)
 Описание неисправности – экран ноутбука появились полосы, во вложении фото неисправности. На ноутбуке нет следов физического воздействия, скорее всего неисправность аппаратная. 
 ",Ноутбук,Матрица,C223090918
93,СИЛА НК2-1404 // Погнутость крышки // С223012632,"Добрый день, коллеги. Обнаружили погнутость крышки, фото во вложении. Хотим передать на диагностику",Ноутбук,Корпус,C223012632
94,Ноутбук НК2-1404 \\ C223012010 \\ wi-fi,"Не стабильно работает wi-fi, пропадает соединение и в устройствах не отображается, пробовал переустановить драйвера не помогает, после нескольких перезагрузок wi-fi появляется, но через какое то время опять пропадает.
",Ноутбук,Wi-fi антенна,C223012010
95,Hа: Ноутбук Сила ООО Газпром бурение,"У ноутбука СИЛА НК2-1404 S/N C222091115 возникла проблема:
На прошлой неделе сотрудник работал как обычно, вечером ушёл домой, утром 
пришёл и на ноутбуке показало, что нет системы
В ходе проверки было обнаружено полное обнуление SSD Диска включая SMART
",Ноутбук,Диск ,C222091115
96,СИЛА HK2  C223012606 C223012600 C223012675 C223011979 C223012790 абгрейд антенн,"Коллеги добрый день! Прошу пригласить инженера для апгрейда антенн
C223012606
C223012600
C223012675
C223011979
C223012790
+ C223011888
",Ноутбук,Wi-fi антенна,C223012606 C223012600 C223012675 C223011979 C223012790 C223011888
97,Ноутбук не включается,"Ноутбук не включается, постоянно перезагружается, не всегда выходит из спящего режима
",Ноутбук,Вентилятор,C223100275
98,Ноутбук СИЛА HK-1404 // Разбит экран // C223011480,"Добрый день! Отключается экран во врем работы.
",Ноутбук,Материнская плата,C223011480
99,Перезагрузился сервер. После перезагрузки не включается.,"Добрый день! _x000D_
Сервер перезагрузился, при загрузке выводится ошибка (скриншот ошибки - error1). При перезагрузке ошибка повторяется.",Сервер,Программное обеспечение,D114030010
100,Неисправность ноутбука Сила,"Добрый день!
Ноутбук СИЛА НК2-3404 - NTB48553 (S/N: C223090502)
Описание неисправности – вышла из строя матрица. В нижней части экрана полосы и мерцание. На ноутбуке нет следов физического воздействия, скорее всего неисправность аппаратная.
",Ноутбук,Матрица,C223090502
101,вопрос по ремонту,"Добрый день!
В прошлом году покупали у Вас ноутбуки в количестве 20 
штук.
На данный момент на трех из них есть проблемы.
На первом не работает вентилятор, на втором проблема с экраном (скрин во 
вложении), на третьем тоже вентилятор + не переустанавливается ОС, 
ошибка при копировании установочных файлов.
Какие наши дальнейшие действия?
-- 
",Ноутбук,Матрица,C223012127
102,Сервер СР2-5422 // D251110008,"Добрый день! На сервере были работы в рамках заявки 8198._x000D_
Сейчас на сервере наблюдаем ошибки.",Сервер,Материнская плата,D251110008
103,открыть кейс по неисправному диску на dd:  dd203..ru  Enclosure=3:Disk=49,"Добрый день. 
Коллеги, 
Прошу открыть кейс по неисправному диску на dd:  dd203.ru  Enclosure=3:Disk=49
@dd203-p0(active:0)# alerts show current
Id       Post Time                  Severity   Class               Object                         Message
------   ------------------------   --------   -----------------   ----------------------------   -------------------------------------------------------------
p0-214   Thu Jan 27 19:40:18 2022   CRITICAL   HardwareFailure     Enclosure=1:DIMM=MR2 DIMM A0   EVT-DIMM-00003: A memory card has failed
p0-215   Fri Feb 25 14:11:08 2022   ERROR      SystemMaintenance   ESRSGateway=10.64.0.246        EVT-SMTOOL-00003: Error communicating with ESRS gateway: 10.6
p0-271   Thu Apr 11 12:10:34 2024   ERROR      SystemMaintenance                                  EVT-SMTOOL-00001: Error communicating with mail server.
m0-36    Tue May 14 20:01:42 2024   CRITICAL   HardwareFailure     Enclosure=3:Disk=49            EVT-STORAGE-00002: Unable to access a disk and the disk state
------   ------------------------   --------   -----------------   ----------------------------   -------------------------------------------------------------
There are 4 active alerts.
@dd203-p0(active:0)#  enclosure show summary
Enclosure   Model No.   Serial No.       State    OEM Name   OEM Value   Capacity
---------   ---------   --------------   ------   --------   ---------   --------
1           DD9800      NVT10192900008   Online                          4 Slots
2           DS60        FCNCD191500266   Online                          60 Slots
3           DS60        FCNCD191700424   Online                          60 Slots
4           DS60        FCNCD191700259   Online                          60 Slots
5           DS60        FCNCD191700423   Online                          60 Slots
6           ES30        CKM00194101710   Online                          15 Slots
7           DS60        FCNCD191500221   Online                          60 Slots
8           DS60        FCNCD191700171   Online                          60 Slots
---------   ---------   --------------   ------   --------   ---------   --------
8 enclosures present.
@dd203-p0(active:0)# system show model
Model number: DD9800
@dd203-p0(active:0)# disk show state
Enclosure        Disk
  Row(disk-id)    1  2  3  4  5  6  7  8  9  10 11 12 13 14 15
--------------   ----------------------------------------------
1                 .  .  .  .
2                |--------|--------|--------|--------|
                 | Pack 1 | Pack 2 | Pack 3 | Pack 4 |
     E(49-60)    |.  .  s |.  .  . |.  .  . |.  .  . |
     D(37-48)    |.  .  . |.  .  . |.  .  . |.  .  . |
     C(25-36)    |.  .  . |.  .  . |.  .  s |.  .  . |
     B(13-24)    |.  .  . |s  .  . |s  .  . |.  .  . |
     A( 1-12)    |.  .  . |.  .  . |.  .  . |.  .  . |
                 |--------|--------|--------|--------|
3                |--------|--------|--------|--------|
                 | Pack 1 | Pack 2 | Pack 3 | Pack 4 |
     E(49-60)    |F  .  s |.  .  . |.  .  . |s  .  . |
     D(37-48)    |.  .  . |.  .  . |.  .  s |.  .  . |
     C(25-36)    |.  .  . |.  .  . |.  .  . |.  .  . |
     B(13-24)    |.  .  . |.  .  . |.  .  . |.  .  . |
     A( 1-12)    |.  .  . |.  .  . |.  .  . |.  .  . |
                 |--------|--------|--------|--------|
4                |--------|--------|--------|--------|
                 | Pack 1 | Pack 2 | Pack 3 | Pack 4 |
     E(49-60)    |.  .  s |.  .  . |.  .  s |.  .  . |
     D(37-48)    |.  .  . |.  .  . |.  .  . |s  .  . |
     C(25-36)    |.  .  . |.  .  . |.  .  . |.  .  . |
     B(13-24)    |.  .  . |.  .  . |.  s  . |.  .  . |
     A( 1-12)    |.  .  . |.  .  . |.  .  . |.  .  . |
                 |--------|--------|--------|--------|
5                |--------|--------|--------|--------|
                 | Pack 1 | Pack 2 | Pack 3 | Pack 4 |
     E(49-60)    |.  s  s |.  .  . |.  .  s |.  .  . |
     D(37-48)    |.  .  . |.  .  . |.  .  . |s  .  . |
     C(25-36)    |.  .  . |.  .  . |.  .  . |.  .  . |
     B(13-24)    |.  .  . |.  .  . |.  .  . |.  .  . |
     A( 1-12)    |.  .  . |.  .  . |.  .  . |.  .  . |
                 |--------|--------|--------|--------|
6                 .  .  .  .  .  .  .  .  .  .  .  .  .  .  .
7                |--------|--------|--------|--------|
                 | Pack 1 | Pack 2 | Pack 3 | Pack 4 |
     E(49-60)    |.  .  s |.  .  . |.  .  s |.  .  s |
     D(37-48)    |.  .  . |.  .  . |.  .  . |.  .  . |
     C(25-36)    |.  .  . |.  .  . |.  .  . |.  .  . |
     B(13-24)    |.  .  . |.  .  . |.  .  . |.  .  . |
     A( 1-12)    |.  .  . |.  .  . |.  .  . |.  .  s |
                 |--------|--------|--------|--------|
8                |--------|--------|--------|--------|
                 | Pack 1 | Pack 2 | Pack 3 | Pack 4 |
     E(49-60)    |.  .  s |-  -  - |-  -  - |-  -  - |
     D(37-48)    |.  .  . |-  -  - |-  -  - |-  -  - |
     C(25-36)    |.  .  . |-  -  - |-  -  - |-  -  - |
     B(13-24)    |.  .  . |-  -  - |-  -  - |-  -  - |
     A( 1-12)    |.  .  . |-  -  - |-  -  - |-  -  - |
                 |--------|--------|--------|--------|
--------------   ----------------------------------------------
Legend   State                 Count
------   -------------------   -----
.        In Use Disks          313
s        Spare Disks           20
F        Failed Disks          1
-        Not Installed Disks   45
------   -------------------   -----
Total 334 disks
@dd203-p0(active:0)# disk show hardware
Disk         Slot   Manufacturer/Model                         Firmware   Serial No.                 Capacity    Type
(enc/disk)
----------   ----   ----------------------------------------   --------   ------------------------   ---------   --------
1.1          0      TG32C10400GA3EMC_______________118000371   PRO6E344   FG009W1V                   372.6 GiB   SATA-SSD
1.2 
__________________________________
Полный текст обращения смотри в ""Оригинал письма.eml""",СХД,Диск,CKM00193800300
104,Мерцает матрица ноутбука,"Здравствуйте! При включении ноутбука Сила HK2-1404 мерцает матрица, полосы появляются!",Ноутбук,Матрица,C223013549
105,HK2-1404 // Не работает зарядное устройство // C223101193,"Не работает зарядное устройство_x000D_
",Ноутбук,Блок питания,C223101193
106,НК2-1404 // Проблемы с зарядными устройствами // C223012685 C223010230 C223010386,"Добрый день,
вышли из строя зарядные устройства.
Просьба завести заявку в рамках гарантийного ремонта.
 C223012685 C223010230 C223010386
",Ноутбук,Блок питания,C223012685 C223010230 C223010386
107,не работоспособность BMC,"Добрый день._x000D_
_x000D_
Сервер перестал пускать в BMC возвращая Invalid username or password_x000D_
Ни под одним из трех пользователей не удается зайти ни по https ни по ssh_x000D_
После попытки перезагрузки сервер индицирует ошибку (server_leds_18072024.jpg),до загрузки  ОС не доходит._x000D_
_x000D_
Таких серверов 4 шт, по каждому сделана отдельная заявка.",Сервер,Материнская плата,D253040009
108,СИЛА HK2-1404// Не работает зарядное устройство// C223100876,"Перестало работать зарядное устройство. С другим работает корректно.
",Ноутбук,Блок питания,C223100876
109,Ноутбук СИЛА НК2-1404  // мерцание экрана // C223013328,"Коллеги, добрый день!
Антон, у нас поломка очередного ноутбука:

Ноутбук СИЛА НК2-1404 1 шт., C223013328
Мерцание монитора
Что делать будем с данной ситуацией?",Ноутбук,Матрица,C223013328
110,HK2-1404 // Не работает зарядное устройство // C223010034,"Не работает зарядное устройство_x000D_
",Ноутбук,Блок питания,C223010034
111,СИЛА HK-1404 // Рябит экран // C223012603,"Добрый день! Рябит экран, видео в описании.
",Ноутбук,Матрица,C223012603
112,по неисправной плашке памяти на dd203 - Enclosure=1:DIMM=MR2 DIMM A0,"Добрый день!
Просьба открыть заявку по неисправной плашке памяти на dd203 - Enclosure=1:DIMM=MR2 DIMM A0
Спасибо.
++++++++++++++++++++++++++++++++++++++
@dd203-p0(active:0)# system show serial
Serial number: CKM00193800300
@dd203-p0(active:0)# system show model
Model number: DD9800
@dd203-p0(active:0)# alerts show current
Id       Post Time                  Severity   Class               Object                         Message
------   ------------------------   --------   -----------------   ----------------------------   ---------------------------------------------------------------------
p0-214   Thu Jan 27 19:40:18 2022   CRITICAL   HardwareFailure     Enclosure=1:DIMM=MR2 DIMM A0   EVT-DIMM-00003: A memory card has failed
",СХД,Оперативная память,CKM00193800300
113,полосы на экране и отклеились ножки,"Переодически (было 3-4 раза) появляются полосы на экране. Видео во вложении. Специально поймать данную неисправность не удается. 
Также отклеились 2 ножки на корпусе.
",Ноутбук,Матрица,c223012503
114,ноутбук НК2-1404 - не работает USB gjhn,"не работает USB слева, рядом с HDMI разъемом
",Ноутбук,Материнская плата,C223100870
115,HK2-1404 // Не работает зарядное устройство // C223011966,"Не работает зарядное устройство.
",Ноутбук,Блок питания,C223011966
116,C223010721 не работает БП,"C223010721 не работает БП, прошу заменит",Ноутбук,Блок питания,C223010721
117,не работоспособность BMC,"Добрый день._x000D_
_x000D_
Сервер перестал пускать в BMC возвращая Invalid username or password_x000D_
Ни под одним из трех пользователей не удается зайти ни по https ни по ssh_x000D_
После попытки перезагрузки сервер индицирует ошибку (server_leds_18072024.jpg),до загрузки  ОС не доходит._x000D_
_x000D_
Таких серверов 4 шт, по каждому сделана отдельная заявка.",Сервер,Материнская плата,D253010009
118,C223010310 / шумит кулер / отклеились ножки,"Коллеги, добрый день.

Прошу осуществить забор и последующий ремонт ноутбука  sn: C223010310
Неисправность: 
1) шумит кулер (треск)
2) отклеились резиновые ножки с нижней части корпуса ноутбука
",Ноутбук,Вентилятор,C223010310
119,СИЛА НК2-1404 // Не включается // C223012410,"Трещат вентиляторы при работе ноутбука.
",Ноутбук,Вентилятор,C223012410
120,Неисправность Ноутбук СИЛА НК2-3404 - NTB48577 S/N: C223090551,"Ноутбук СИЛА НК2-3404 - NTB4857 (S/N: C223090551)
 Описание неисправности – вышла из строя матрица. В нижней части экрана полосы и мерцание. Во вложении фото неисправности. На ноутбуке нет следов физического воздействия, скорее всего неисправность аппаратная. 
 ",Ноутбук,Матрица,C223090551
121,Неисправность сервера СИЛА // 46917,"Коллеги, добрый день. _x000D_
 Просьба принять запрос. _x000D_
 Модель: сервер CP2 – 5422_x000D_
S/N : D252030019 _x000D_
 Расположение: КВ7 _x000D_
Описание: Неисправность модуля управления сервером. _x000D_
 Скриншоты с проблемой во вложении._x000D_
 ",Сервер,Сервер,D252030019
122,НК2-1404 // Не работает З.У. // C223101538,"Перрестало работать зарядное устройство, не заряжает ноутбук.
С другим блоком работает.
",Ноутбук,Блок питания,C223101538
123,10979. Ноутбук СИЛА НК2-1404 // не включается // C223012335,"Добрый день! Ноутбук не включается.
",Ноутбук,Материнская плата,C223012335
124,Сервер СР2-5422 // После обновления bios и bmc появились ошибки системных кулеров // D251110031,"Добрый день!_x000D_
После обновления bios и bmc в bmc было зафиксировано нулевое значение оборотов системных кулеров (скриншот во вложении). Логи были очищены; после перезагрузки bmc логи перестали собираться, а значения оборотов кулеров так и остались на нуле._x000D_
версия bios: 8.3_x000D_
версия bmc: 1264_3",Сервер,Вентилятор,D251110031
125,Не работает блок питания,Не работает блок питания,Ноутбук,Блок питания,С223092905
126,СИЛА НК2-1404 // не работает LAN порт // С222090774,"Добрый день._x000D_
Ноутбук СИЛА, не работает LAN порт_x000D_
Серийник: С222090774_x000D_
Просьба сообщить, действует ли гарантия на данный ноутбук. _x000D_
_x000D_
Благодарю. _x000D_
_x000D_
",Ноутбук,Wi-fi модуль,С222090774
127,Неисправность сервера СИЛА // 46923,"Модель: сервер CP2 – 5422_x000D_
S/N : D252030011 _x000D_
 Расположение: КВ7 _x000D_
 Описание: Неисправность системы охлаждения сервера _x000D_
 Дополнительная информация во вложении. _x000D_
 ",Сервер,Сервер,D252030011
128,HK2-1404 // шумит кулер + артефакты на экране ноутбука // C223010327,"Добрый день.

Прошу осуществить забор и последующий ремонт ноутбука  sn:C223010327.

Неисправность:

1)  шумит кулер (во вложении видео)
2) периодически появляются артефакты на экране ноутбука, в особенности, при работе в excel (во вложении видео). 
",Ноутбук,Корпус,C223010327
129,Неисправность ноутбука Сила,"Добрый день! 
 Ноутбук СИЛА НК2-3404 - NTB48449 (S/N: C223091227)
 Описание неисправности – вышла из строя матрица. В нижней части экрана полосы и мерцание. Во вложении фото неисправности. На ноутбуке нет следов физического воздействия, скорее всего неисправность аппаратная. 
 ",Ноутбук,Матрица,C223091227
130,СИЛА НК2-1404//нет звука и видеосигнала // C222091964,"Будьте добры сообщить адрес сервисного центра в г.Липецке
",Ноутбук,Материнская плата,C222091964
131,НК2-1404 // Не работает Wi-FI (Кашира)// C223101179,"На устройстве не работает WiFi
",Ноутбук,Wi-fi антенна,C223101179
132,Ноутбук Сила. Гарантийный ремонт,"Добрый день. 
 Ноутбук СИЛА HK2-1404  S/n C223014758. Не включается 
 ",Ноутбук,Материнская плата,C223014758
133,СИЛА НК2-1404  // Не работает зарядное устройство Type-C // C223010757,"Не работает зарядное устройство Type-C СИЛА НК2-1404 
Ноутбук от другого устройста заряжается корректно.

",Ноутбук,Блок питания,C223010757
134,Просьба открыть заявку по неисправному диску:  dd401..ru - Disk 3.23 SN: ZC1BYZ1X,"Добрый день!
Просьба открыть заявку по неисправному диску:
 dd401.ru - Disk 3.23 SN: ZC1BYZ1X 
@dd401-p0(active:0)# alerts show current
Id       Post Time                  Severity   Class             Object                         Message
------   ------------------------   --------   ---------------   ----------------------------   ------------------------------------------------------------------------
p0-477   Fri Nov 24 04:35:09 2023   CRITICAL   HardwareFailure   Enclosure=1:DIMM=MR1 DIMM A0   EVT-DIMM-00003: A memory card has failed
m0-72    Tue Jun 11 03:24:39 2024   CRITICAL   HardwareFailure   Enclosure=3:Disk=23            EVT-STORAGE-00002: Unable to access a disk and the disk state is failed.
------   ------------------------   --------   ---------------   ----------------------------   ------------------------------------------------------------------------
There are 2 active alerts.
@dd401-p0(active:0)# system show serial
Serial number: CKM00194300973
@dd401-p0(active:0)# enclosure show summary
Enclosure   Model No.   Serial No.       State    OEM Name   OEM Value   Capacity
---------   ---------   --------------   ------   --------   ---------   --------
1           DD9800      NVT10193400034   Online                          4 Slots
2           DS60        FCNCD191700080   Online                          60 Slots
3           DS60        FCNCD191500345   Online                          60 Slots
4           DS60        FCNCD191000240   Online                          60 Slots
5           DS60        FCNCD191700271   Online                          60 Slots
6           ES30        CKM00194101709   Online                          15 Slots
7           DS60        FCNCD191500225   Online                          60 Slots
8           DS60        FCNCD191000196   Online                          60 Slots
---------   ---------   --------------   ------   --------   ---------   --------
8 enclosures present.
@dd401-p0(active:0)# system show model
Model number: DD9800
@dd401-p0(active:0)# disk show state
Enclosure        Disk
  Row(disk-id)    1  2  3  4  5  6  7  8  9  10 11 12 13 14 15
--------------   ----------------------------------------------
1                 .  .  .  .
2                |--------|--------|--------|--------|
                 | Pack 1 | Pack 2 | Pack 3 | Pack 4 |
     E(49-60)    |.  .  s |.  .  . |.  .  s |.  .  . |
     D(37-48)    |.  .  . |.  s  . |.  .  . |.  .  . |
     C(25-36)    |.  .  . |.  .  . |.  .  s |.  .  . |
     B(13-24)    |.  .  . |.  .  . |.  .  . |.  .  . |
     A( 1-12)    |.  .  . |.  .  . |.  .  . |.  .  . |
                 |--------|--------|--------|--------|
3                |--------|--------|--------|--------|
                 | Pack 1 | Pack 2 | Pack 3 | Pack 4 |
     E(49-60)    |.  .  s |.  .  s |.  .  . |.  .  . |
     D(37-48)    |.  .  . |.  .  . |.  .  . |.  .  . |
     C(25-36)    |.  .  . |.  .  . |.  .  . |.  .  . |
     B(13-24)    |.  .  . |.  .  . |.  .  . |.  F  . |
     A( 1-12)    |.  .  . |.  s  . |R  .  . |.  .  . |
                 |--------|--------|--------|--------|
4                |--------|--------|--------|--------|
                 | Pack 1 | Pack 2 | Pack 3 | Pack 4 |
     E(49-60)    |.  .  s |.  .  s |.  .  s |.  .  s |
     D(37-48)    |.  .  . |.  .  . |.  .  . |.  .  . |
     C(25-36)    |.  .  . |.  .  . |.  .  . |.  .  . |
     B(13-24)    |.  .  . |.  .  . |.  .  . |.  .  . |
     A( 1-12)    |.  .  . |.  .  . |.  .  . |.  .  . |
                 |--------|--------|--------|--------|
5                |--------|--------|--------|--------|
                 | Pack 1 | Pack 2 | Pack 3 | Pack 4 |
     E(49-60)    |.  .  s |.  .  s |.  s  . |.  .  s |
     D(37-48)    |.  .  . |.  .  . |.  .  . |.  .  . |
     C(25-36)    |.  .  . |.  .  . |.  .  . |.  .  . |
     B(13-24)    |.  .  . |.  .  . |.  .  . |.  .  . |
     A( 1-12)    |.  .  . |.  .  . |.  .  . |.  .  . |
                 |--------|--------|--------|--------|
6                 .  .  .  .  .  .  .  .  .  .  .  .  .  .  .
7                |--------|--------|--------|--------|
                 | Pack 1 | Pack 2 | Pack 3 | Pack 4 |
     E(49-60)    |.  .  s |.  .  . |.  .  s |.  .  . |
     D(37-48)    |.  .  . |.  .  . |.  .  . |.  .  . |
     C(25-36)    |.  .  . |.  .  s |.  .  . |.  .  . |
     B(13-24)    |.  .  . |.  .  . |.  .  . |.  .  . |
     A( 1-12)    |.  .  . |.  .  s |.  .  . |.  .  . |
                 |--------|--------|--------|--------|
8                |--------|--------|--------|--------|
                 | Pack 1 | Pack 2 | Pack 3 | Pack 4 |
     E(49-60)    |.  .  . |-  -  - |-  -  - |-  -  - |
     D(37-48)    |.  .  . |-  -  - |-  -  - |-  -  - |
     C(25-36)    |.  .  . |-  -  - |-  -  - |-  -  - |
     B(13-24)    |.  s  . |-  -  - |-  -  - |-  -  - |
     A( 1-12)    |.  .  . |-  -  - |-  -  - |-  -  - |
                 |--------|--------|--------|--------|
--------------   ----------------------------------------------
Legend   State                          Count
------   ----------------------------   -----
.        In Use Disks                   312
s        Spare Disks                    20
R        Spare (reconstructing) Disks   1
F        Failed Disks                   1
-        Not Installed Disks            45
------   ----------------------------   -----
Total 334 disks
Disk    Disks            Progress   Remaining
Group   Reconstructing   (%)        (minutes)
-----   --------------   --------   ---------
dg9     3.7              77         142
-----   --------------   --------   ---------
@dd401-p0(active:0)# disk show hardware
Disk         Slot   Manufacturer/Model                        Firmware   Serial No.                 Capacity    Type
(enc/disk)
----------   ----   ---------------------------------------   --------   ------------------------   ---------   --------
1.1          0      SHSA
__________________________________
Полный текст обращения смотри в ""Оригинал письма.eml""",СХД,Диск,CKM00194300973
135,Драйвера для ноутбука СИЛА НК2-3404,"Добрый день! Получили для тестирования один из ваших ноутбуков. Однако Win10 отказывается ставить даже половину драйверов. Если у вас имеется пак драйверов для Win 10 прошу предоставить.
",Ноутбук,Консультация,C223090609
136,Сила НК2-1404 / перестало работать зарядное устройство для ноутбука/ C223100251,"Сила НК2-1404 / перестало работать зарядное устройство для ноутбука/ C223100251_x000D_
прошу заменить по гарантии",Ноутбук,Блок питания,C223100251
137,Ноутбук СИЛА HK1-1425/ i5-1135G7/8G/m.2 256Gb/В3Y/С111110066/инв. № 525467,Не рабочий первый  Tipe-C,Ноутбук,Блок питания,С111110066
138,СИЛА HK2-1404 // Краш SSD  // C223012059,"Добрый день, на ноутбуке крашится SSD.
",Ноутбук,Оперативная память,C223012059
139,HK2- 1404 // Не работает залипание клавиш  F G  H  отваливается кнопка Backspace //C223010731,"Добрый день,
запилают клавиши при печати F G H,  отваливается клавиша Backspace
Просьба завести заявку в рамках гарантийного ремонта.
",Ноутбук,Клавиатура,C223010731
140,гарантийный ремонт.Отпала клавиша,"Добрый день! 
 Ноутбук сила HK2-1404, sn C223013450 . 
 Отпала клавиша «8». Фото приложено 
 Прошу взять в гарантийный ремонт. 
 ",Ноутбук,Клавиатура,C223013450
141,Ноутбук СИЛА HK1-1425/ i5-1135G7/8G/m.2 256Gb/C111110003/инв. 525698,"Не работает HDMI_x000D_
_x000D_
Ноутбук СИЛА HK1-1425/ i5-1135G7/8G/m.2 256Gb/C111110003/инв. 525698",Ноутбук,Материнская плата,C111110003
142,ремонт ноутбука СИЛА НК2-1404,"не работает порт usd и порт type-c на ноутбуке СИЛА НК2-1404
",Ноутбук,Материнская плата,C223100081
143,СИЛА НК2-1404 // Сломался разъема Адаптера питания// С222090230,"Здравствуйте. Сломался разъем Адаптера питания (фото во вложении) ноутбука СИЛА НК2-1404. _x000D_
_x000D_
 ",Ноутбук,Блок питания,С222090230
144,нк2-1404 C223013824,"Добрый день!
Прошу взять в гарантийный ремонт ноутбук СИЛА нк2-1404 C223013824
Неисправности:
Повреждена матрица ноутбука(видео прикладываю)
",Ноутбук,Матрица,C223013824
145,СИЛА HK2-1404 // Неисправность зарядного устройства ноутбука СИЛА // C223011958,"Добрый день!
В процессе эксплуатации у пользователя перестало работать зарядное устройство, оба порта type-c ноутбука корректно функционируют, визуально нет следов повреждения, c другими зарядными устройствами ноутбук корректно заряжается. Прошу заменить. Спасибо!
",Ноутбук,Блок питания,C223011958
146,СИЛА НК2-3205 // Установка дополнительной планки памяти // C233041869,Необходимо установить вторую планку памяти на 8 Гб в ноутбуке СИЛА НК2-3205 с SN: C233041869,Ноутбук,Оперативная память,C233041869
147,Неисправность сервера СИЛА // 46919,"Коллеги, добрый день. _x000D_
 Просьба принять запрос. _x000D_
 Модель: сервер CP2 – 5422_x000D_
S/N : D252030014 _x000D_
 Расположение: КВ7 _x000D_
Описание: Неисправность системы охлаждения сервером + неисправность процессора при полной загрузке ЦП частота не поднимается выше 1ГГц _x000D_
 bios 8.3 BMC 1262_2_x000D_
Дополнительная информация о неисправности во вложении.  _x000D_
 ",Сервер,Сервер,D252030014
148,сломался блок питания нотубка Сила НК2-1404 v2 SN:  C223101457,"сломался блок питания нотубка Сила НК2-1404 v2 SN:  C223101457. Отвалился штекер, который вставляется в разъем питания ноутбука.",Ноутбук,Блок питания,C223101457
149,СИЛА НК2-1404//нет звука // C222091827,"Будьте добры сообщить адрес сервисного центра в г.Липецке
",Ноутбук,Консультация,C222091827
150,открыть кейс по неисправному диску на dd:  dd204.region..ru  Enclosure=2:Disk=12,"Добрый день. 
Коллеги, 
Прошу открыть кейс по неисправному диску на dd: dd204.region..ru - Disk 2.12 [SN: ZC1C5RLH] Enclosure=2:Disk=12
@dd204-p1(active:1)# alerts show current
Id       Post Time                  Severity   Class               Object                Message                                                               
------   ------------------------   --------   -----------------   -------------------   ------------------------------------------------------------------------
p1-831   Thu Apr 11 12:17:03 2024   ERROR      SystemMaintenance                         EVT-SMTOOL-00001: Error communicating with mail server.               
m0-27    Tue May 14 21:41:28 2024   CRITICAL   HardwareFailure     Enclosure=2:Disk=12   EVT-STORAGE-00002: Unable to access a disk and the disk state is failed.
------   ------------------------   --------   -----------------   -------------------   ------------------------------------------------------------------------
There are 2 active alerts.
@dd204-p1(active:1)#
@dd204-p1(active:1)# enclosure show summary
Enclosure   Model No.   Serial No.       State    OEM Name   OEM Value   Capacity
---------   ---------   --------------   ------   --------   ---------   --------
1           DD9800      NVT10193200087   Online                          4 Slots
2           DS60        FCNCD191900145   Online                          60 Slots
3           DS60        FCNCD191900153   Online                          60 Slots
4           DS60        FCNCD191900069   Online                          60 Slots
5           DS60        FCNCD191900155   Online                          60 Slots
6           ES30        CKM00194101700   Online                          15 Slots
7           DS60        FCNCD191700370   Online                          60 Slots
---------   ---------   --------------   ------   --------   ---------   --------
7 enclosures present.
@dd204-p1(active:1)# system show model
Model number: DD9800
@dd204-p1(active:1)# disk show state
Enclosure        Disk
  Row(disk-id)    1  2  3  4  5  6  7  8  9  10 11 12 13 14 15
--------------   ----------------------------------------------
1                 .  .  .  .
2                |--------|--------|--------|--------|
                 | Pack 1 | Pack 2 | Pack 3 | Pack 4 |
     E(49-60)    |.  .  s |.  .  s |.  .  . |.  .  s |
     D(37-48)    |.  .  . |.  .  . |.  .  . |.  .  . |
     C(25-36)    |.  .  . |.  .  . |.  .  . |.  .  . |
     B(13-24)    |.  .  . |.  .  . |.  .  . |.  .  . |
     A( 1-12)    |.  .  . |.  .  . |.  .  . |.  .  F |
                 |--------|--------|--------|--------|
3                |--------|--------|--------|--------|
                 | Pack 1 | Pack 2 | Pack 3 | Pack 4 |
     E(49-60)    |.  .  . |.  .  . |.  .  s |.  s  s |
     D(37-48)    |.  .  . |.  .  . |.  .  . |.  .  . |
     C(25-36)    |.  .  . |.  .  . |.  .  . |.  .  . |
     B(13-24)    |.  .  . |.  .  . |.  .  . |.  .  s |
     A( 1-12)    |.  .  . |.  .  . |.  .  . |.  .  . |
                 |--------|--------|--------|--------|
4                |--------|--------|--------|--------|
                 | Pack 1 | Pack 2 | Pack 3 | Pack 4 |
     E(49-60)    |.  .  s |.  .  s |.  .  s |.  .  s |
     D(37-48)    |.  .  . |.  .  . |.  .  . |.  .  . |
     C(25-36)    |.  .  . |.  .  . |.  .  . |.  .  . |
     B(13-24)    |.  .  . |.  .  . |.  .  . |.  .  . |
     A( 1-12)    |.  .  . |.  .  . |.  .  . |.  .  . |
                 |--------|--------|--------|--------|
5                |--------|--------|--------|--------|
                 | Pack 1 | Pack 2 | Pack 3 | Pack 4 |
     E(49-60)    |.  .  . |.  .  s |.  .  s |.  .  . |
     D(37-48)    |.  .  . |.  .  . |.  .  . |.  .  . |
     C(25-36)    |.  .  . |.  .  . |.  .  . |.  .  . |
     B(13-24)    |.  .  . |.  .  . |.  .  . |.  .  . |
     A( 1-12)    |.  .  . |.  .  . |.  .  s |.  .  s |
                 |--------|--------|--------|--------|
6                 .  .  .  .  .  .  .  .  .  .  .  .  .  .  .
7                |--------|--------|--------|--------|
                 | Pack 1 | Pack 2 | Pack 3 | Pack 4 |
     E(49-60)    |s  .  . |-  -  - |-  -  - |-  -  - |
     D(37-48)    |.  .  . |-  -  - |-  -  - |-  -  - |
     C(25-36)    |.  .  . |-  -  - |-  -  - |-  -  - |
     B(13-24)    |.  .  . |-  -  - |-  -  - |-  -  - |
     A( 1-12)    |.  .  . |-  -  - |-  -  - |-  -  - |
                 |--------|--------|--------|--------|
--------------   ----------------------------------------------
Legend   State                 Count
------   -------------------   -----
.        In Use Disks          257
s        Spare Disks           16
F        Failed Disks          1
-        Not Installed Disks   45
------   -------------------   -----
Total 274 disks
@dd204-p1(active:1)# disk show hardware
Disk         Slot   Manufacturer/Model                        Firmware   Serial No.                 Capacity    Type
(enc/disk)
----------   ----   ---------------------------------------   --------   ------------------------   ---------   --------
1.1          0      SHSAT6P400GLM21EMC____________118000533   FW1188     SPG1927044V                372.6 GiB   SATA-SSD
1.2          1      SHSAT6P400GLM21EMC____________118000533   FW1188     SPG19270455                372.6 GiB   SATA-SSD
1.3          2      SHSAT6P400GLM21EMC____________118000533   FW1188     SPG1927045H                372.6 GiB   SATA-SSD
1.4          3      SHSAT6P400GLM21EMC____________118000533   FW1188     SPG19270444                372.6 GiB   SATA-SSD
2.1          A0     SEAGATE STMFSND2CLAR4000                  BS03       ZC1C5ZX1                   3.6 TiB     SAS
2.2          A1     SEAGATE STMFSND2CLAR4000                  BS03       ZC1C5Z4F                   3.6 TiB     SAS
2.3          A2     SEAGATE STMFSND2CLAR4000                  BS03       ZC1C6116                   3.6 TiB     SAS
2.4  
__________________________________
Полный текст обращения смотри в ""Оригинал письма.eml""",СХД,Диск,CKM00194401300
151,"СИЛА НК2-1404 // Рябь, мерцание //C223014954","Коллеги, добрый день!
У нас поломка 3-х ноутбуков СИЛА НК2-1404.
Серийные номера: C223013568,C223014073, C223014954


Рябь на ноутбуках/мерцание.",Ноутбук,Матрица,C223014954
152,Неисправность сервера // 46906,"Коллеги, добрый день.
Просьба принять запрос.
Модель: сервер CP2 – 5422
S/N : D252030012 

 Описание: Неисправность системы охлаждения сервера. 
 Приоритет: 3 
 Дополнительная информация во вложении. 
 ",Сервер,Сервер,D252030012
153,"ноутбук НК2-1404, sn-C222091591","Добрый день. _x000D_
 У ноутбука НК2-1404 перестал определяться  NVME SSD-накопитель, на другом ноутбуке SSD-накопитель работает нормально. _x000D_
 Серийный номер ноутбука – C222091591 _x000D_
 ",Ноутбук,Материнская плата,C222091591
154,Не работает дисплей,"Не работает дисплей ноутбука. 
",Ноутбук,Матрица,C223011312
155,"СИЛА СХ2-4115-12; СИЛА CX2-4016-25; СИЛА СХ2-4066-36  //  обновить ПО до последней версии // E244030001, E244030002, E244030003","Добрый день. 
Недавно приобретали у вас 3 схд, (СИЛА СХ2-4115-12; СИЛА CX2-4016-25; СИЛА СХ2-4066-36;) сейчас готовим оборудование к запуску и хотим обновить ПО до последней версии. ",СХД,Консультация,"E244030004, E244030002, E244030003"
156,Проблема с ноутбуком СИЛА HK2-1404,"Добрый день, у нас вышел из строя SSD у ноутбука СИЛА HK2-1404 s/n 
C222091364
Зарегистрируйте заявку на гарантийный ремонт с вывозом, г.Краснодар, 
",Ноутбук,Программное обеспечение,C222091364
157,Проблема с изображением на дисплее,"Возникла проблема с отображением информации на дисплее.
Прошу забрать для диагностики.
",Ноутбук,Матрица,C223090664
158,Замена клавиатуры C223010701,"согласована замена клавиатуры на ноутбуке  C223010701 в рамках гарантийных обязательств , с выездом инженера на локацию.
",Ноутбук,Клавиатура,C223010701
159,+BB0EPgRDBEIEMQRDBDo- +BCEEGAQbBBA- +BB0EGg-2-1404 s/n C222090381 +BEEEOwQ+BDwEMA-+BDsEQQRP- +BBEEHw- (+BBIEPgQ7BDMEPgQzBEAEMA-+BDQ-),"Здравствуйте.

                Сломался блок питания (отвалился разъём type-c) у ноутбука СИЛА НК2-1404 серийный номер C222090381.

Эксплуатируется в Волгограде.

                                       
",Ноутбук,Блок питания,C222090381
160,СИЛА НК2-3404,"Добрый день._x000D_
Возникла проблема с ноутбуком СИЛА НК2-3404 серийный номер: C223091364_x000D_
На ноутбук была установлена ОС корп, установлены драйвера. При выходе 13.06.2024 на рабочее место и включении ноутбука для установки обновлений, были замечены артефакты._x000D_
Ноутбук не вскрывался и не падал, пользователю не выдавался. _x000D_
Фото артефактов во вложении. _x000D_
 ",Ноутбук,Матрица,C223091364
161,Просьба открыть заявку по неисправному диску на dd203 - Enclosure=5:Disk=31,"Добрый день!
Просьба открыть заявку по неисправному диску на dd203 - Enclosure=5:Disk=31
Спасибо.
@dd203-p1(active:1)# alerts show current
Id       Post Time                  Severity   Class               Object                    Message
------   ------------------------   --------   -----------------   -----------------------   ------------------------------------------------------------------------
p1-222   Fri Feb 25 14:11:09 2022   ERROR      SystemMaintenance   ESRSGateway=10.64.0.246   EVT-SMTOOL-00003: Error communicating with ESRS gateway: 10.64.0.246.
p1-228   Thu Apr 11 11:28:52 2024   ERROR      SystemMaintenance                             EVT-SMTOOL-00001: Error communicating with mail server.
m0-43    Sun Jul  7 01:44:08 2024   CRITICAL   HardwareFailure     Enclosure=5:Disk=31       EVT-STORAGE-00002: Unable to access a disk and the disk state is failed.
------   ------------------------   --------   -----------------   -----------------------   ------------------------------------------------------------------------
There are 3 active alerts.
@dd203-p1(active:1)# system show serial
Serial number: CKM00193901783
@dd203-p1(active:1)# system show model
Model number: DD9800
@dd203-p1(active:1)# enclosure show summary
Enclosure   Model No.   Serial No.       State    OEM Name   OEM Value   Capacity
---------   ---------   --------------   ------   --------   ---------   --------
1           DD9800      NVT10192800018   Online                          4 Slots
2           DS60        FCNCD191500266   Online                          60 Slots
3           DS60        FCNCD191700424   Online                          60 Slots
4           DS60        FCNCD191700423   Online                          60 Slots
5           DS60        FCNCD191700259   Online                          60 Slots
6           ES30        CKM00194101710   Online                          15 Slots
7           DS60        FCNCD191500221   Online                          60 Slots
8           DS60        FCNCD191700171   Online                          60 Slots
---------   ---------   --------------   ------   --------   ---------   --------
8 enclosures present.
@dd203-p1(active:1)# disk show state
Enclosure        Disk
  Row(disk-id)    1  2  3  4  5  6  7  8  9  10 11 12 13 14 15
--------------   ----------------------------------------------
1                 .  .  .  .
2                |--------|--------|--------|--------|
                 | Pack 1 | Pack 2 | Pack 3 | Pack 4 |
     E(49-60)    |.  .  s |.  .  . |.  .  . |.  .  . |
     D(37-48)    |.  .  . |.  .  . |.  .  . |.  .  . |
     C(25-36)    |.  .  . |.  .  . |.  .  s |.  .  . |
     B(13-24)    |.  .  . |s  .  . |s  .  . |.  .  . |
     A( 1-12)    |.  .  . |.  .  . |.  .  . |.  .  . |
                 |--------|--------|--------|--------|
3                |--------|--------|--------|--------|
                 | Pack 1 | Pack 2 | Pack 3 | Pack 4 |
     E(49-60)    |s  .  s |.  .  . |.  .  . |s  .  . |
     D(37-48)    |.  .  . |.  .  . |.  .  s |.  .  . |
     C(25-36)    |.  .  . |.  .  . |.  .  . |.  .  . |
     B(13-24)    |.  .  . |.  .  . |.  .  . |.  .  . |
     A( 1-12)    |.  .  . |.  .  . |.  .  . |.  .  . |
                 |--------|--------|--------|--------|
4                |--------|--------|--------|--------|
                 | Pack 1 | Pack 2 | Pack 3 | Pack 4 |
     E(49-60)    |.  s  s |.  .  . |.  .  s |.  .  . |
     D(37-48)    |.  .  . |.  .  . |.  .  . |s  .  . |
     C(25-36)    |.  .  . |.  .  . |.  .  . |.  .  . |
     B(13-24)    |.  .  . |.  .  . |.  .  . |.  .  . |
     A( 1-12)    |.  .  . |.  .  . |.  .  . |.  .  . |
                 |--------|--------|--------|--------|
5                |--------|--------|--------|--------|
                 | Pack 1 | Pack 2 | Pack 3 | Pack 4 |
     E(49-60)    |.  .  . |.  .  . |.  .  s |.  .  . |
     D(37-48)    |.  .  . |.  .  . |.  .  . |s  .  . |
     C(25-36)    |.  .  . |.  .  . |F  .  . |.  .  . |
     B(13-24)    |.  .  . |.  .  . |.  s  . |.  .  . |
     A( 1-12)    |.  .  . |.  .  . |.  .  . |.  .  . |
                 |--------|--------|--------|--------|
6                 .  .  .  .  .  .  .  .  .  .  .  .  .  .  .
7                |--------|--------|--------|--------|
                 | Pack 1 | Pack 2 | Pack 3 | Pack 4 |
     E(49-60)    |.  .  s |.  .  . |.  .  s |.  .  s |
     D(37-48)    |.  .  . |.  .  . |.  .  . |.  .  . |
     C(25-36)    |.  .  . |.  .  . |.  .  . |.  .  . |
     B(13-24)    |.  .  . |.  .  . |.  .  . |.  .  . |
     A( 1-12)    |.  .  . |.  .  . |.  .  . |.  .  s |
                 |--------|--------|--------|--------|
8                |--------|--------|--------|--------|
                 | Pack 1 | Pack 2 | Pack 3 | Pack 4 |
     E(49-60)    |.  .  s |-  -  - |-  -  - |-  -  - |
     D(37-48)    |.  .  . |-  -  - |-  -  - |-  -  - |
     C(25-36)    |.  .  . |-  -  - |-  -  - |-  -  - |
     B(13-24)    |.  .  . |-  -  - |-  -  - |-  -  - |
     A( 1-12)    |.  .  . |-  -  - |-  -  - |-  -  - |
                 |--------|--------|--------|--------|
--------------   ----------------------------------------------
Legend   State                 Count
------   -------------------   -----
.        In Use Disks          313
s        Spare Disks           20
F        Failed Disks          1
-        Not Installed Disks   45
------   -------------------   -----
Total 334 disks
@dd203-p1(active:1)# disk show hardware
Disk         Slot   Manufacturer/Model                         Firmware   Serial No.                 Capacity    Type
(enc/disk)
----------   ----   ----------------------------------------   --------   ------------------------   ---------   --------
1.1          0      M500DC400-MTFDBAK400MBB________118000078   0154       1711164A5D4B               372.6 GiB   SATA-SSD
1.2          1      M500DC400-MTFDBAK400MBB________118000078   0154      
__________________________________
Полный текст обращения смотри в ""Оригинал письма.eml""",СХД,Диск,CKM00193901783
162,НК2-1404 v2 // Не работает зарядное устройство // C223100822,"Не работает зарядное устройство.
",Ноутбук,Блок питания,C223100822
163,"Полосы на экране. полосы могут появиться не сразу, а через некоторое время после включения.","Полосы на экране. полосы могут появиться не сразу, а через некоторое время после включения.

",Ноутбук,Матрица,C223090696
164,СИЛА НК2-1404 v2 // Неисправность ноутбука //  С223011138,"Прошу принять в гарантийный ремонт ноутбук ""СИЛА НК2-1404"" s/n: С223011138.
Заявленная неисправность: в процессе работы регулярно появляется ""синий экран"", и ноутбук сам уходит в перезагрузку. Переустановка ОС на ноутбуке проблему не устранило.
",Ноутбук,Диск ,C223011138
165,IBS. СИЛА C111120016 хрипит левый динамик,"Добрый день! 
На ноутбуке C111120016 хрипит левый динамик.
Обновление драйверов на звук не помогло.

 ",Ноутбук,Динамики,C111120016
166,Мерцает экран,Сила HK2-3404 (C223090004) мерцает экран.,Ноутбук,Матрица,C223090004
167,Сервер СР2-5422 // Ошибки на System Fan 2,Появились ошибки по датчику System Fan 2,Сервер,Материнская плата,D251110010
168,"HK2-1404 // Не работает порт Type-C, не работает зарядное устройство // C223102038","Не работает первый порт Type-C, не работает зарядное устройство.
",Ноутбук,Материнская плата,C223102038
169,Ремонт,"Добрый день, _x000D_
 У меня проблема с ноутбуком «Сила» HK2-3404. При подключении адаптера питания сильно нагревается угол ноутбука около штекера питания Type-C. _x000D_
 Зарядка не идет (или идет не постоянно). От аккумулятора работает нормально. Серийный номер – С223091266 _x000D_
 Данные для регистрации на вашем сайте ниже. _x000D_
 ",Ноутбук,Материнская плата,C223091266
170,Ноутбук СИЛА HK-1404 // полосы на экране // C223011328,"периодические чёрные вертикальные полосы на экране
",Ноутбук,Материнская плата,C223011328
171,Не включается дисплей,"Не включается дисплей
",Ноутбук,Материнская плата,C223093407
172,Ноутбук Сила не работает порт HDMI,"Добрый день_x000D_
При подключении внешнего монитора по HDMI не выводится изображение на монитор,  при этом основной экран ноутбука работает нормально. Проблема ""плавающая"", не постоянная, т.е. внешний подключенный монитор может работать несколько часов нормально, но потом пропадает изображения, моргает, может вообще изображение с монитора пропасть, при этом основной экран всегда работает нормально",Ноутбук,Материнская плата,C112050125
173,Гарантийный ремонт СИЛА C223012731,"Добрый день,
Как можно организовать забор ноутбука на гарантийный ремонт или отправку нам подменной запчасти?
Модель SILA HK2-1404
Серийный номер C223012731
Проблема в треске вентилятора, проявляется с момента начала эксплуатации, посторонних деталей или отломанных крыльчаток нет. Видео с демонстрацией проблемы - 
",Ноутбук,Вентилятор,C223012731
174,Гарантийный ремонт Т2,"Добрый день. 
 Прошу произвести гарантийный ремонт ноутбука: 
 1.       СИЛА НК2-1404 s/n C223014726 (Отклеилась защитная сетка на крышке, в связи с чем кулер цепляет и издает звук) 
 ",Ноутбук,Вентилятор,C223014726
175,HK2- 1404 // Не работает звук на ноутбуке //C223011358,"Добрый день,
Не работают звук на ноутбуке, переустановка и обновление драйверов не помогли.
Просьба завести заявку в рамках гарантийного ремонта.
",Ноутбук,Jack,C223011358
176,Ноутбук HK2-1404 // Неисправность зарядного устройства ноутбука СИЛА // C223012702,"Добрый день. 
В процессе эксплуатации у пользователя перестало работать зарядное устройство, оба порта type-c ноутбука корректно функционируют, визуально нет следов повреждения, c другими зарядными устройствами ноутбук корректно заряжается. Прошу заменить. Спасибо!
",Ноутбук,Блок питания,C223012702
177,Гарантия,"Будьте добры сообщить адрес сервисного центра в г.Липецке
",Ноутбук,Диск ,С222091091
178,HK2-1404 // Неисправность зарядного устройства ноутбука СИЛА // C223010240,"Добрый день. _x000D_
В процессе эксплуатации у пользователя перестало работать зарядное устройство, оба порта type-c ноутбука корректно функционируют, визуально нет следов повреждения, c другими зарядными устройствами ноутбук корректно заряжается. Прошу заменить. Спасибо!",Ноутбук,Блок питания,C223010240
179,вылетели 9 дисков и перезагрузилась резервная нода dd503,"Прошу открыть кейс.
Вылетели 9 дисков на датадомене dd503
Хронология:
Вылетели 2 диска,
перезагрузилась пассивная нода,
вылетели еще 7 дисков.
Дополнительно отобразилось уведомление <Active tier is low on spares>.
Все произошло в течении получаса.
@dd503-p1(active:1)# system show serial
Serial number: CKM01212505744
@dd503-p1(active:1)# system show model
Model number: DD9900 E
@dd503-p1(active:1)# alerts show current
Id      Post Time                  Severity   Class             Object                Message
-----   ------------------------   --------   ---------------   -------------------   ------------------------------------------------------------------------
m0-15   Wed Jan 31 22:17:26 2024   CRITICAL   HardwareFailure   Enclosure=2:Disk=59   EVT-STORAGE-00002: Unable to access a disk and the disk state is failed.
m0-16   Wed Jan 31 22:17:27 2024   CRITICAL   HardwareFailure   Enclosure=4:Disk=42   EVT-STORAGE-00002: Unable to access a disk and the disk state is failed.
m0-17   Wed Jan 31 22:33:23 2024   CRITICAL   HardwareFailure   Enclosure=2:Disk=2    EVT-STORAGE-00002: Unable to access a disk and the disk state is failed.
m0-18   Wed Jan 31 22:33:25 2024   CRITICAL   HardwareFailure   Enclosure=3:Disk=6    EVT-STORAGE-00002: Unable to access a disk and the disk state is failed.
m0-19   Wed Jan 31 22:33:26 2024   CRITICAL   HardwareFailure   Enclosure=3:Disk=17   EVT-STORAGE-00002: Unable to access a disk and the disk state is failed.
m0-20   Wed Jan 31 22:33:28 2024   CRITICAL   HardwareFailure   Enclosure=3:Disk=32   EVT-STORAGE-00002: Unable to access a disk and the disk state is failed.
m0-21   Wed Jan 31 22:33:29 2024   CRITICAL   HardwareFailure   Enclosure=3:Disk=50   EVT-STORAGE-00002: Unable to access a disk and the disk state is failed.
m0-22   Wed Jan 31 22:33:30 2024   CRITICAL   HardwareFailure   Enclosure=3:Disk=58   EVT-STORAGE-00002: Unable to access a disk and the disk state is failed.
m0-23   Wed Jan 31 22:33:31 2024   CRITICAL   HardwareFailure   Enclosure=4:Disk=24   EVT-STORAGE-00002: Unable to access a disk and the disk state is failed.
m0-24   Wed Jan 31 22:33:34 2024   WARNING    Storage           Tier=1                EVT-STORAGE-00013: Active tier is low on spares.
-----   ------------------------   --------   ---------------   -------------------   ------------------------------------------------------------------------
There are 10 active alerts.
@dd503-p1(active:1)# enclosure show summary
Enclosure   Model No.   Serial No.       State    OEM Name   OEM Value   Capacity
---------   ---------   --------------   ------   --------   ---------   --------
1           DD9900 E    CNWS30011F0045   Online                          4 Slots
2           DS60        52J5L83          Online                          60 Slots
3           DS60        28J5L83          Online                          60 Slots
4           DS60        91J5L83          Online                          60 Slots
5           DS60        42J5L83          Online                          60 Slots
6           FS25        1Y85L83          Online                          25 Slots
---------   ---------   --------------   ------   --------   ---------   --------
6 enclosures present.
@dd503-p1(active:1)# disk show state
Enclosure        Disk
  Row(disk-id)    1  2  3  4  5  6  7  8  9  10 11 12 13 14 15 16 17 18 19 20 21 22 23 24 25
--------------   ----------------------------------------------------------------------------
1                 s  .  .  .
2                |--------|--------|--------|--------|
                 | Pack 1 | Pack 2 | Pack 3 | Pack 4 |
     E(49-60)    |.  .  s |.  .  s |.  .  s |.  F  . |
     D(37-48)    |.  .  . |.  .  . |.  .  . |.  .  . |
     C(25-36)    |.  .  . |.  .  . |.  .  . |.  .  . |
     B(13-24)    |.  .  . |.  .  . |.  .  . |.  .  . |
     A( 1-12)    |.  F  . |.  .  . |.  .  . |.  .  . |
                 |--------|--------|--------|--------|
3                |--------|--------|--------|--------|
                 | Pack 1 | Pack 2 | Pack 3 | Pack 4 |
     E(49-60)    |.  F  . |.  .  s |.  .  s |F  .  R |
     D(37-48)    |.  .  . |.  .  . |.  .  . |.  R  . |
     C(25-36)    |.  .  . |.  .  . |.  F  . |.  .  . |
     B(13-24)    |.  .  . |.  F  . |.  .  . |.  .  . |
     A( 1-12)    |.  .  . |.  .  F |.  .  . |.  .  . |
                 |--------|--------|--------|--------|
4                |--------|--------|--------|--------|
                 | Pack 1 | Pack 2 | Pack 3 | Pack 4 |
     E(49-60)    |.  .  s |.  .  s |.  .  s |.  .  . |
     D(37-48)    |.  .  . |.  .  F |.  .  . |.  .  . |
     C(25-36)    |.  .  . |.  .  . |.  .  . |.  .  . |
     B(13-24)    |.  .  . |.  .  . |.  .  . |.  .  F |
     A( 1-12)    |.  .  . |.  .  . |.  .  . |.  .  . |
                 |--------|--------|--------|--------|
5                |--------|--------|--------|--------|
                 | Pack 1 | Pack 2 | Pack 3 | Pack 4 |
     E(49-60)    |.  .  s |-  -  - |-  -  - |-  -  - |
     D(37-48)    |.  .  . |-  -  - |-  -  - |-  -  - |
     C(25-36)    |.  .  . |-  -  - |-  -  - |-  -  - |
     B(13-24)    |.  .  . |-  -  - |-  -  - |-  -  - |
     A( 1-12)    |.  .  . |-  -  - |-  -  - |-  -  - |
                 |--------|--------|--------|--------|
6                 .  .  .  .  .  .  .  .  .  .  -  -  -  -  -  -  -  -  -  -  -  -  -  -  -
--------------   ----------------------------------------------------------------------------
Legend   State                          Count
------   ----------------------------   -----
.        In Use Disks                   188
s        Spare Disks                    10
R        Spare (reconstructing) Disks   2
F        Failed Disks                   9
-        Not Installed Disks            60
------   ----------------------------   -----
Total 209 disks
Disk    Disks       
__________________________________
Полный текст обращения смотри в ""Оригинал письма.eml""",СХД,Диск,CKM01212505744
180,FW: Гарантийный случай,"
 Добрый день 
 по одному из ноутбуков СИЛА НК2-1404 вышел из строя блок питания.  

 ",Ноутбук,Блок питания,C223014096
181,Ноутбук СИЛА HK2-1404 // Неисправность зарядного устройства ноутбука СИЛА // C223012673,"Добрый день!_x000D_
В процессе эксплуатации у пользователя перестало работать зарядное устройство, оба порта type-c ноутбука корректно функционируют, визуально нет следов повреждения, c другими зарядными устройствами ноутбук корректно заряжается. Прошу заменить. Спасибо!_x000D_
",Ноутбук,Блок питания,C223012673
182,HK2-1404 // Проблема с матрицей и портом type-c // C223012100,"Добрый день!
На дисплее время от времени появляются полосы, иногда проходит само, если нет, то помогает перезагрузка.
Ещё не работает один порт type-c.

",Ноутбук,Материнская плата,C223012100
183,"Аварийная перезагрузка сервера,  UMA operation error","Аварийно перезагрузился сервер, в логе BMC появилось совпадающее по времени событие:_x000D_
20	 Critical	2024-05-31 17:38:27 (UTC+3)_x000D_
Intel ME has encountered UMA operation error. Details: UMA Read/Write timeout. Timeout occurred during copying data from/to UMA._x000D_
_x000D_
Просьба продиагностировать, возможно ли использовать данный сервер в продуктивном контуре ?",Сервер,Материнская плата,d252090013
184,Не работает зарядка Type-C СИЛА НК2-1404 // C223101296,"Не работает зарядное устройство Type-C СИЛА НК2-1404 // C223101296_x000D_
От другого устройства зарядка идет корректно._x000D_
_x000D_
",Ноутбук,Блок питания,C223101296
185,Ноутбук Сила HK2-3404 (SN: C223091736),"Ноутбук Сила HK2-3404 (SN: C223091736)
Из коробки  индикация не реагирует на подключение блока питания.
Не включается.
Проверено несколько БП, оба порта USB type C.
",Ноутбук,Материнская плата,C223091736
186,СХД CX4-1127-00 // Неисправный диск // CKM00194301861,"Добрый день. 
Коллеги, 
Прошу открыть кейс по неисправному диску на dd: dd202.region..ru - Disk 3.49 [SN: ZC1C32DR] Enclosure=3:Disk=49
@dd202-p1(active:0)# alerts show current
Id      Post Time                  Severity   Class               Object                Message
-----   ------------------------   --------   -----------------   -------------------   ------------------------------------------------------------------------
p0-86   Fri Apr  5 06:22:28 2024   ERROR      SystemMaintenance                         EVT-SMTOOL-00001: Error communicating with mail server.
m0-53   Fri May 17 07:50:53 2024   CRITICAL   HardwareFailure     Enclosure=3:Disk=49   EVT-STORAGE-00002: Unable to access a disk and the disk state is failed.
-----   ------------------------   --------   -----------------   -------------------   ------------------------------------------------------------------------
There are 2 active alerts.
@dd202-p1(active:0)#
@dd202-p1(active:0)# system show serial
Serial number: CKM00194301861
@dd202-p1(active:0)# system show model
Model number: DD9800
@dd202-p1(active:0)# enclosure show summary
Enclosure   Model No.   Serial No.       State    OEM Name   OEM Value   Capacity
---------   ---------   --------------   ------   --------   ---------   --------
1           DD9800      NVT10193400046   Online                          4 Slots
2           DS60        FCNCD191700342   Online                          60 Slots
3           DS60        FCNCD191700150   Online                          60 Slots
4           DS60        FCNCD191700305   Online                          60 Slots
5           DS60        FCNCD191700419   Online                          60 Slots
6           DS60        FCNCD191500258   Online                          60 Slots
7           DS60        FCNCD191700040   Online                          60 Slots
8           ES30        CKM00194101704   Online                          15 Slots
---------   ---------   --------------   ------   --------   ---------   --------
8 enclosures present.
@dd202-p1(active:0)# disk show state
Enclosure        Disk
  Row(disk-id)    1  2  3  4  5  6  7  8  9  10 11 12 13 14 15
--------------   ----------------------------------------------
1                 .  .  .  .
2                |--------|--------|--------|--------|
                 | Pack 1 | Pack 2 | Pack 3 | Pack 4 |
     E(49-60)    |.  s  . |.  .  . |.  .  . |.  .  s |
     D(37-48)    |.  .  . |.  .  . |.  .  . |.  .  . |
     C(25-36)    |.  .  . |.  .  . |.  .  . |.  .  . |
     B(13-24)    |.  .  . |.  .  . |.  .  s |.  .  . |
     A( 1-12)    |.  .  . |.  .  . |.  .  . |.  .  s |
                 |--------|--------|--------|--------|
3                |--------|--------|--------|--------|
                 | Pack 1 | Pack 2 | Pack 3 | Pack 4 |
     E(49-60)    |F  .  . |.  .  . |.  .  R |.  .  s |
     D(37-48)    |.  .  . |.  .  . |.  .  . |.  .  . |
     C(25-36)    |s  .  . |.  .  . |.  .  . |.  .  . |
     B(13-24)    |.  .  . |.  .  . |.  .  . |.  .  . |
     A( 1-12)    |s  .  . |.  .  . |.  .  . |.  .  . |
                 |--------|--------|--------|--------|
4                |--------|--------|--------|--------|
                 | Pack 1 | Pack 2 | Pack 3 | Pack 4 |
     E(49-60)    |.  .  s |.  .  . |s  .  s |.  .  . |
     D(37-48)    |.  .  . |.  .  . |s  .  . |.  .  . |
     C(25-36)    |.  .  . |.  .  . |.  .  . |.  .  . |
     B(13-24)    |.  .  . |.  .  . |.  .  . |.  .  . |
     A( 1-12)    |.  .  . |.  .  . |.  .  . |.  .  . |
                 |--------|--------|--------|--------|
5                |--------|--------|--------|--------|
                 | Pack 1 | Pack 2 | Pack 3 | Pack 4 |
     E(49-60)    |.  .  s |.  .  . |.  .  . |.  .  . |
     D(37-48)    |.  .  . |.  .  . |.  .  . |.  .  . |
     C(25-36)    |.  .  . |s  .  . |.  s  . |.  .  . |
     B(13-24)    |.  .  . |.  .  . |.  .  . |.  .  . |
     A( 1-12)    |.  .  . |.  .  . |.  s  . |.  .  . |
                 |--------|--------|--------|--------|
6                |--------|--------|--------|--------|
                 | Pack 1 | Pack 2 | Pack 3 | Pack 4 |
     E(49-60)    |.  .  . |.  .  . |.  .  s |.  .  s |
     D(37-48)    |.  .  . |.  .  . |.  .  . |.  .  . |
     C(25-36)    |.  .  . |.  .  . |.  .  . |.  .  . |
     B(13-24)    |.  .  . |.  .  . |.  s  . |.  s  . |
     A( 1-12)    |.  .  . |.  .  . |.  .  . |.  .  . |
                 |--------|--------|--------|--------|
7                |--------|--------|--------|--------|
                 | Pack 1 | Pack 2 | Pack 3 | Pack 4 |
     E(49-60)    |.  .  . |-  -  - |-  -  - |-  -  - |
     D(37-48)    |.  .  . |-  -  - |-  -  - |-  -  - |
     C(25-36)    |.  .  . |-  -  - |-  -  - |-  -  - |
     B(13-24)    |.  .  . |-  -  - |-  -  - |-  -  - |
     A( 1-12)    |s  .  . |-  -  - |-  -  - |-  -  - |
                 |--------|--------|--------|--------|
8                 .  .  .  .  .  .  .  .  .  .  .  .  .  .  .
--------------   ----------------------------------------------

Legend   State                          Count
------   ----------------------------   -----
.        In Use Disks                   312
s        Spare Disks                    20
R        Spare (reconstructing) Disks   1
F        Failed Disks                   1
-        Not Installed Disks            45
------   ----------------------------   -----
Total 334 disks

Disk    Disks            Progress   Remaining
Group   Reconstructing   (%)        (minutes)
-----   --------------   --------   ---------
dg10    3.57             38         407
-----   --------------   --------   ---------",СХД,Диск,CKM00194301861
187,Ноутбук Сила НК2-3404,"Добрый день._x000D_
Нам поступили ноутбуки Сила НК2-3404 и нужны драйвера для корпоративной Win 10 Версия 22H2._x000D_
",Ноутбук,Консультация,C223091216 C223091307 C223091468 C223091751 C223090099 C223090635 C223091364 C223091547 C223091736 C223091275 C223091861 C223090091 C223090302 C223090269 C223090214
188,Ноутбук СИЛА НК2-3404// рябь экрана // c223091025,"Коллеги, привет!

Столкнулись с проблемой на ноутбуке Сила модель нк2-3404 s/n c223091025
У пользователя начал рябить экран, видео прилагаю
Необходимо организавать гарантийный ремонт ноутбука
",Ноутбук,Матрица,C223091025
189,НК2-1404 // Не работает Wi-FI (Кашира)// C223101219,"На устройстве не работает WiFi
",Ноутбук,Wi-fi модуль,C223101219
190,Не работает блок питания (зарядка),Не работает блок питания (зарядка),Ноутбук,Блок питания,С223093223
191,Ноутбук НК2-1404 //Не работает клавиша F1 или срабатывает с задержкой//С223010731,"Добрый день,
после ремонта ноутбука перестала срабатывать кнопка F1 и иногда срабатывает сама и вызывает окно справки в приложения и браузере.
Просьба завести заявку в рамках гарантийного ремонта.
",Ноутбук,Клавиатура,С223010731
192,Отказ блока питания,"Добрый день! 
 У нас перестал работать зарядник от ноутбука НК2-1404 (JHD-AD065B-BA-PD05) 
 Можете предложить решение по ремонту/замене? 
",Ноутбук,Блок питания,C222091750
193,Обновление BIOS и BMC Cube,"Добрый день!_x000D_
Если были обновления этих компонентов, прошу предоставить для скачивания._x000D_
И появился ли у вас какой-то портал с прошивками и инструкциями по оборудованию Сила?",Сервер,Консультация,D263080001
